SaleID,ProductID,CustomerID,SaleAmount,Quantity,SaleTime,PaymentMethod,SaleStatus,DiscountApplied,TotalAmountBeforeDiscount,Region,StoreID
438291,754,2114,61.25,3,2025-01-10,PayPal,Canceled,2.05,62.53,South America,1
556298,704,2432,64.3,1,2025-01-16,Cash,Canceled,0.53,64.64,Europe,5
784601,529,2225,252.14,3,2025-01-12,PayPal,Canceled,8.45,275.42,Asia,2
714965,320,2980,393.57,1,2025-02-03,Credit Card,Pending,16.95,473.89,South America,3
19020,926,2044,378.38,5,2025-01-18,Bank Transfer,Completed,11.04,425.34,South America,3
766063,691,2196,367.06,1,2025-01-29,Debit Card,Completed,17.11,442.81,North America,4
688644,384,2464,336.06,3,2025-01-10,Debit Card,Completed,13.4,388.08,North America,5
238468,750,2175,290.36,2,2025-01-09,Bank Transfer,Pending,19.79,362.0,South America,2
129800,801,2332,429.28,1,2025-02-01,Credit Card,Pending,8.02,466.73,North America,2
693207,680,2897,373.06,2,2025-01-07,Bank Transfer,Canceled,9.18,410.76,Asia,2
860267,352,2762,302.62,3,2025-01-16,Bank Transfer,Canceled,7.99,328.89,Europe,2
392604,621,2505,90.91,1,2025-02-02,PayPal,Canceled,8.44,99.29,North America,4
798826,490,2610,498.25,5,2025-01-18,Credit Card,Canceled,14.41,582.17,South America,3
543425,887,2656,203.08,3,2025-02-02,Bank Transfer,Completed,19.08,250.95,Asia,5
279649,880,2182,278.46,1,2025-02-12,Cash,Canceled,3.98,290.0,Asia,2
219081,652,2976,400.38,5,2025-01-05,Debit Card,Pending,0.39,401.95,Asia,3
900600,345,2059,158.39,5,2025-01-21,Bank Transfer,Completed,19.56,196.9,South America,2
88372,231,2675,263.88,5,2025-01-29,Cash,Canceled,8.46,288.28,Europe,5
304992,873,2747,360.44,3,2025-01-02,Debit Card,Pending,17.99,439.52,Africa,1
597448,353,2230,78.81,1,2025-02-06,PayPal,Canceled,4.4,82.44,North America,1
42620,334,2069,457.44,3,2025-01-10,PayPal,Pending,13.38,528.1,Europe,5
721020,235,2740,470.98,5,2025-02-09,PayPal,Pending,16.15,561.69,Europe,1
271780,199,2674,243.97,4,2025-01-02,Credit Card,Canceled,13.07,280.65,North America,1
126152,512,2745,202.69,1,2025-02-11,PayPal,Canceled,8.97,222.67,Africa,2
124915,385,2473,162.41,1,2025-01-08,Cash,Completed,1.01,164.07,South America,1
854396,195,2948,389.1,2,2025-01-28,Bank Transfer,Pending,4.27,406.48,Africa,1
203670,268,2388,50.97,4,2025-01-31,Bank Transfer,Pending,8.46,55.68,South America,4
334989,258,2194,183.52,1,2025-01-12,Cash,Completed,14.96,215.8,North America,1
562523,698,2488,276.28,5,2025-02-03,Cash,Completed,17.03,332.98,North America,5
557732,169,2691,437.82,4,2025-01-31,Cash,Completed,11.58,495.15,North America,5
957469,183,2429,345.82,5,2025-01-18,Debit Card,Completed,13.39,399.3,Asia,2
973522,371,2405,108.9,3,2025-01-02,Credit Card,Completed,9.17,119.89,South America,1
479781,175,2550,145.92,3,2025-02-12,Debit Card,Completed,17.59,177.06,Asia,3
629693,261,2448,425.19,3,2025-01-26,Cash,Completed,13.36,490.74,South America,3
194015,779,2106,472.52,2,2025-02-08,Credit Card,Canceled,11.06,531.31,Asia,3
993621,719,2215,372.93,2,2025-01-24,Debit Card,Canceled,9.77,413.31,North America,1
945479,749,2433,423.21,1,2025-01-07,PayPal,Canceled,19.6,526.35,Europe,4
107235,664,2722,242.46,1,2025-01-26,PayPal,Canceled,0.72,244.22,Asia,5
992554,665,2151,243.4,1,2025-01-02,Credit Card,Pending,4.2,254.08,Europe,1
555883,462,2798,301.95,4,2025-01-05,PayPal,Completed,17.29,365.08,Europe,4
243743,125,2183,381.45,3,2025-02-07,PayPal,Pending,3.18,393.99,North America,4
321917,993,2039,436.37,2,2025-01-08,Bank Transfer,Pending,6.1,464.74,Europe,2
721594,124,2675,136.91,3,2025-01-18,Credit Card,Pending,7.02,147.25,South America,4
663314,795,2863,291.3,1,2025-01-29,Debit Card,Completed,11.61,329.57,Asia,1
377153,211,2610,245.55,3,2025-01-29,Cash,Completed,7.7,266.05,South America,2
151497,360,2045,368.95,1,2025-01-31,Cash,Canceled,14.39,430.96,Europe,3
522460,541,2071,476.99,3,2025-01-31,Credit Card,Canceled,18.0,581.7,South America,3
585154,782,2418,196.78,3,2025-01-29,PayPal,Pending,13.3,226.96,Africa,2
264293,730,2582,185.43,5,2025-02-08,Debit Card,Completed,8.6,202.87,South America,5
672403,770,2329,259.24,4,2025-01-23,Cash,Pending,15.87,308.16,Europe,1
201539,390,2527,348.73,5,2025-01-30,PayPal,Canceled,6.21,371.81,Europe,2
338119,125,2047,160.18,4,2025-02-08,Credit Card,Pending,8.29,174.66,South America,2
908254,835,2713,222.79,4,2025-02-03,Credit Card,Completed,15.57,263.87,Europe,2
847526,923,2980,363.16,4,2025-01-19,PayPal,Completed,9.13,399.64,Africa,5
191972,672,2609,192.78,4,2025-02-10,Cash,Pending,16.61,231.18,South America,4
639890,262,2761,437.67,4,2025-01-06,PayPal,Canceled,5.55,463.37,South America,4
621253,741,2244,173.57,1,2025-01-03,PayPal,Pending,6.72,186.07,South America,1
88804,241,2154,154.07,2,2025-02-01,Credit Card,Pending,8.15,167.74,South America,4
129958,525,2063,143.08,4,2025-01-15,Cash,Canceled,0.39,143.64,South America,4
396805,588,2006,474.23,3,2025-01-26,Bank Transfer,Canceled,14.95,557.59,South America,5
425970,325,2499,148.74,4,2025-02-04,Bank Transfer,Pending,13.38,171.71,Africa,2
791342,960,2478,463.79,5,2025-02-09,Bank Transfer,Canceled,11.29,522.8,North America,1
332032,758,2438,111.06,4,2025-01-18,Debit Card,Pending,6.55,118.84,Africa,3
428422,445,2779,445.84,3,2025-02-01,Credit Card,Pending,0.39,447.58,South America,1
785125,458,2229,342.56,1,2025-01-30,PayPal,Completed,12.43,391.17,Europe,2
514421,584,2685,101.48,2,2025-01-24,Debit Card,Pending,3.36,105.0,South America,1
354566,896,2838,123.69,3,2025-01-19,Credit Card,Pending,11.52,139.79,Africa,4
771537,832,2203,84.2,2,2025-02-05,Debit Card,Canceled,12.01,95.69,North America,5
641672,901,2042,206.24,4,2025-01-19,Credit Card,Canceled,12.95,236.92,North America,4
519538,942,2501,97.49,3,2025-02-01,Bank Transfer,Canceled,3.06,100.57,Europe,5
979213,766,2276,327.16,5,2025-01-09,Bank Transfer,Canceled,11.85,371.14,Asia,2
880276,950,2957,89.0,4,2025-01-07,Bank Transfer,Canceled,12.21,101.37,Africa,3
431236,129,2506,432.93,2,2025-01-29,Debit Card,Pending,6.81,464.55,South America,3
251078,669,2010,282.48,2,2025-02-08,Bank Transfer,Pending,11.1,317.76,Europe,4
674190,761,2728,270.87,1,2025-01-08,PayPal,Pending,13.84,314.36,Asia,5
834338,477,2484,299.06,3,2025-02-06,Cash,Pending,7.04,321.7,Africa,3
503324,413,2257,153.74,2,2025-02-11,Cash,Canceled,3.7,159.65,Europe,4
921026,383,2741,315.31,5,2025-01-31,Credit Card,Completed,5.92,335.17,Asia,2
286051,409,2014,368.61,2,2025-01-15,Credit Card,Canceled,5.84,391.48,Europe,4
530856,205,2893,55.52,3,2025-01-23,Bank Transfer,Pending,3.69,57.65,North America,3
668109,982,2489,101.34,1,2025-02-12,Credit Card,Canceled,12.59,115.93,North America,2
547806,252,2830,303.28,3,2025-01-04,Credit Card,Canceled,15.29,358.02,South America,5
732493,909,2633,151.56,5,2025-02-12,Bank Transfer,Pending,17.2,183.05,Africa,3
133991,682,2635,77.1,1,2025-01-14,PayPal,Pending,13.21,88.83,Europe,2
955293,277,2565,83.78,1,2025-01-09,Cash,Pending,5.83,88.96,Europe,3
925387,823,2289,366.34,4,2025-01-10,PayPal,Pending,15.76,434.86,South America,2
690306,535,2117,295.05,2,2025-01-21,PayPal,Completed,1.19,298.61,Asia,5
697424,866,2844,306.14,3,2025-01-17,Bank Transfer,Canceled,6.08,325.96,Africa,3
675681,612,2552,272.21,1,2025-01-20,Bank Transfer,Canceled,6.45,290.97,Asia,1
881129,193,2234,482.86,5,2025-01-22,Debit Card,Canceled,0.8,486.78,Europe,4
813955,631,2667,249.0,3,2025-01-30,Bank Transfer,Canceled,16.28,297.44,North America,4
12050,456,2418,199.99,1,2025-01-30,Bank Transfer,Canceled,9.91,221.99,Africa,5
756741,137,2465,89.63,3,2025-02-02,Bank Transfer,Canceled,16.5,107.34,North America,5
925180,573,2423,74.39,5,2025-01-14,Bank Transfer,Canceled,8.84,81.6,North America,2
975379,373,2562,108.96,3,2025-01-01,Bank Transfer,Completed,0.58,109.59,South America,2
849545,826,2162,189.84,1,2025-01-06,Credit Card,Completed,19.85,236.84,North America,4
492042,220,2663,424.46,4,2025-01-05,Cash,Canceled,5.47,449.01,Africa,4
943032,349,2467,298.07,4,2025-02-03,Cash,Canceled,14.93,350.36,Europe,1
35529,382,2791,405.5,4,2025-01-19,Cash,Pending,16.41,485.11,Asia,3
248690,957,2601,310.97,4,2025-02-11,Cash,Pending,6.9,334.03,South America,5
719011,486,2466,469.78,2,2025-01-22,Cash,Pending,4.67,492.8,Africa,1
788868,425,2762,262.84,4,2025-01-11,PayPal,Pending,19.3,325.69,Europe,5
692484,704,2339,441.37,4,2025-01-14,Bank Transfer,Completed,14.45,515.91,Africa,2
952498,176,2480,401.69,3,2025-01-18,Bank Transfer,Canceled,1.61,408.25,Asia,5
53108,489,2977,192.5,4,2025-02-12,Cash,Completed,4.7,201.98,Asia,2
201695,864,2092,245.29,1,2025-01-09,Credit Card,Pending,3.33,253.73,Asia,1
527769,147,2332,408.26,3,2025-01-13,Bank Transfer,Completed,4.88,429.22,Africa,5
815682,798,2811,131.03,2,2025-01-17,Bank Transfer,Canceled,13.66,151.77,Africa,5
256274,246,2237,257.52,3,2025-01-15,Credit Card,Pending,18.02,314.14,South America,2
217725,175,2452,475.36,5,2025-01-26,Bank Transfer,Canceled,5.0,500.39,Asia,2
434300,493,2873,267.44,2,2025-02-08,Debit Card,Canceled,5.92,284.26,Asia,1
855819,949,2674,228.11,1,2025-01-17,Credit Card,Canceled,14.9,268.06,Asia,2
44730,721,2821,208.54,2,2025-01-10,PayPal,Canceled,1.94,212.67,North America,3
583490,907,2451,65.01,3,2025-01-22,Credit Card,Pending,6.53,69.55,Africa,2
528013,305,2135,403.93,3,2025-01-30,Debit Card,Completed,5.14,425.81,Africa,3
774946,864,2891,202.42,1,2025-01-02,PayPal,Completed,17.2,244.48,Africa,5
244162,474,2092,405.81,1,2025-01-10,Credit Card,Pending,7.37,438.11,Asia,5
607969,490,2842,337.35,3,2025-02-07,PayPal,Pending,0.5,339.05,South America,3
339757,724,2226,341.44,4,2025-02-01,Bank Transfer,Completed,2.8,351.26,North America,3
68818,604,2118,93.74,5,2025-01-28,Bank Transfer,Pending,13.41,108.26,South America,4
968034,701,2760,376.97,4,2025-02-05,Bank Transfer,Canceled,8.16,410.47,Asia,1
361349,806,2379,147.77,4,2025-01-28,Debit Card,Completed,19.62,183.84,Asia,5
302020,760,2367,77.25,3,2025-01-30,Bank Transfer,Completed,13.26,89.05,South America,1
440190,151,2805,200.08,2,2025-01-07,Credit Card,Canceled,4.14,208.73,Europe,2
779170,436,2792,116.4,5,2025-01-05,PayPal,Completed,10.8,130.5,Europe,1
901334,776,2887,61.6,1,2025-02-02,PayPal,Canceled,6.48,65.87,Europe,3
430164,153,2129,383.77,5,2025-02-06,Credit Card,Pending,8.97,421.57,Asia,5
933482,707,2111,253.4,2,2025-01-12,Cash,Pending,9.16,278.95,North America,1
526564,590,2867,230.73,1,2025-01-04,Bank Transfer,Completed,17.99,281.33,Asia,5
608466,251,2067,106.79,5,2025-01-07,Cash,Canceled,6.5,114.22,South America,5
564287,401,2464,277.5,4,2025-01-03,Credit Card,Canceled,13.02,319.03,South America,2
888328,540,2462,449.64,4,2025-01-11,Bank Transfer,Pending,8.32,490.44,North America,3
425851,537,2320,349.3,3,2025-01-05,Bank Transfer,Completed,1.82,355.79,North America,1
979887,542,2098,385.07,3,2025-01-29,Credit Card,Canceled,19.13,476.17,South America,3
781819,786,2125,234.86,4,2025-01-02,Debit Card,Canceled,6.25,250.51,North America,5
874110,619,2217,119.63,4,2025-01-18,Credit Card,Pending,16.91,143.97,Asia,1
658224,880,2285,308.35,4,2025-01-29,Cash,Canceled,13.5,356.47,South America,1
838824,723,2951,346.02,3,2025-01-16,Debit Card,Canceled,15.25,408.27,Asia,3
893496,106,2185,441.44,5,2025-01-24,Credit Card,Completed,14.82,518.24,North America,1
912495,864,2543,146.81,4,2025-02-05,PayPal,Pending,6.23,156.57,Asia,5
324133,710,2086,447.5,2,2025-01-03,Cash,Completed,13.48,517.22,Asia,4
887975,777,2434,268.55,4,2025-02-02,PayPal,Canceled,2.28,274.81,Africa,1
270660,390,2694,355.32,4,2025-02-08,Debit Card,Completed,4.41,371.71,South America,1
641595,107,2209,185.64,2,2025-01-10,Debit Card,Pending,6.56,198.68,North America,4
625569,864,2440,129.06,4,2025-02-01,PayPal,Canceled,11.17,145.3,Asia,1
944472,506,2882,383.92,4,2025-01-10,Credit Card,Pending,11.52,433.88,South America,4
975157,826,2655,237.96,1,2025-01-16,Debit Card,Completed,16.03,283.37,South America,4
882784,951,2706,463.9,1,2025-01-18,Credit Card,Completed,8.71,508.18,Africa,5
102592,180,2405,441.74,3,2025-01-02,PayPal,Completed,10.21,491.97,North America,5
573153,622,2198,457.67,3,2025-01-08,PayPal,Completed,2.06,467.28,Asia,2
164151,277,2616,118.79,1,2025-01-04,Bank Transfer,Pending,15.09,139.9,South America,4
229350,797,2946,446.92,5,2025-01-05,Debit Card,Completed,8.8,490.02,Africa,4
745735,746,2310,408.35,5,2025-01-01,Cash,Completed,6.21,435.38,Africa,1
195311,158,2377,424.26,1,2025-01-14,Credit Card,Canceled,11.88,481.47,Africa,4
581795,694,2567,479.4,1,2025-01-12,Cash,Canceled,3.76,498.15,South America,4
29968,613,2154,480.98,4,2025-01-14,Debit Card,Canceled,1.69,489.23,Europe,1
286345,353,2724,246.99,4,2025-01-21,Cash,Completed,7.28,266.38,Asia,4
489516,518,2793,202.27,5,2025-01-03,Debit Card,Completed,6.59,216.55,South America,4
719056,390,2258,375.68,5,2025-01-26,Credit Card,Canceled,13.27,433.17,Asia,3
375025,771,2715,347.96,2,2025-01-06,Credit Card,Pending,11.18,391.75,Asia,2
788744,786,2719,423.03,5,2025-01-28,Bank Transfer,Canceled,7.24,456.03,Asia,3
31341,284,2973,146.39,4,2025-01-05,PayPal,Completed,1.54,148.68,North America,5
156516,889,2552,425.8,5,2025-01-31,Debit Card,Canceled,2.62,437.26,Africa,2
60062,266,2185,424.11,5,2025-02-12,Bank Transfer,Completed,8.22,462.08,Europe,4
16646,725,2291,388.58,4,2025-01-21,PayPal,Pending,19.31,481.58,Africa,2
693256,476,2694,476.21,4,2025-01-19,Debit Card,Pending,10.06,529.46,Africa,2
38489,936,2204,410.57,2,2025-02-05,Bank Transfer,Pending,11.09,461.79,North America,5
591997,971,2127,178.28,2,2025-01-04,Cash,Completed,16.62,213.82,North America,2
771936,936,2461,448.08,1,2025-02-09,Bank Transfer,Canceled,7.48,484.3,Africa,1
398981,483,2229,62.68,1,2025-01-17,Debit Card,Completed,2.75,64.45,Asia,4
785694,812,2851,112.46,4,2025-01-10,Credit Card,Completed,0.38,112.89,Europe,2
504132,661,2962,377.26,5,2025-01-19,Debit Card,Completed,6.02,401.44,North America,2
222672,529,2654,407.25,4,2025-01-16,Bank Transfer,Canceled,10.72,456.15,South America,5
907077,347,2735,114.61,4,2025-01-09,Debit Card,Completed,11.41,129.38,Europe,1
712092,636,2998,212.27,5,2025-02-04,Cash,Canceled,0.41,213.14,Africa,1
896189,750,2396,491.47,3,2025-01-29,Debit Card,Completed,6.9,527.87,North America,5
319461,852,2774,199.63,1,2025-01-08,Debit Card,Canceled,3.5,206.87,Africa,4
474681,746,2186,415.17,1,2025-01-09,Bank Transfer,Completed,5.87,441.05,North America,2
501475,142,2323,470.02,5,2025-01-20,Cash,Pending,5.07,495.1,Europe,3
214601,465,2882,401.38,3,2025-01-11,Debit Card,Pending,17.79,488.24,Africa,4
667681,447,2997,134.07,4,2025-02-05,Cash,Pending,16.02,159.65,Africa,1
245497,540,2616,497.79,2,2025-01-10,Debit Card,Completed,1.6,505.89,Asia,3
204464,556,2617,372.95,2,2025-02-10,Debit Card,Pending,0.85,376.14,Asia,5
130356,545,2281,337.76,1,2025-01-18,Bank Transfer,Pending,10.26,376.38,Europe,1
720507,246,2869,323.41,4,2025-02-01,Credit Card,Completed,15.57,383.05,Asia,3
968678,492,2972,305.26,5,2025-01-09,Bank Transfer,Pending,7.44,329.8,North America,5
204774,240,2542,215.13,3,2025-01-15,PayPal,Completed,0.52,216.25,Europe,4
364433,630,2396,461.09,1,2025-01-29,Debit Card,Canceled,8.93,506.28,South America,3
446206,810,2938,499.38,2,2025-01-22,Credit Card,Pending,3.45,517.24,Africa,1
417313,929,2698,485.4,3,2025-02-05,Credit Card,Canceled,10.84,544.44,Asia,2
852866,828,2726,467.3,2,2025-01-06,PayPal,Completed,19.7,581.96,Europe,2
786786,909,2505,61.83,5,2025-02-10,Bank Transfer,Canceled,2.6,63.48,North America,1
644929,416,2407,499.82,4,2025-01-10,Bank Transfer,Canceled,1.48,507.3,Asia,1
43337,560,2477,356.05,3,2025-01-21,Cash,Canceled,11.76,403.48,Europe,4
540880,614,2932,440.7,1,2025-01-30,Debit Card,Completed,3.24,455.45,Europe,3
476551,631,2916,177.82,1,2025-01-24,Cash,Pending,2.5,182.39,Asia,5
826219,646,2095,276.16,2,2025-01-01,PayPal,Completed,13.17,318.06,South America,3
996618,962,2946,303.63,1,2025-01-21,Cash,Pending,13.02,349.09,South America,4
790322,732,2654,63.63,5,2025-01-10,Debit Card,Pending,4.9,66.91,Africa,3
720160,564,2074,359.88,2,2025-01-07,Bank Transfer,Pending,4.08,375.19,South America,2
603508,420,2882,373.26,3,2025-01-31,Debit Card,Canceled,11.23,420.49,Asia,2
602895,577,2125,170.36,2,2025-01-01,Credit Card,Pending,18.91,210.08,South America,4
759839,354,2985,439.39,2,2025-01-11,Cash,Canceled,6.25,468.7,Europe,4
766622,627,2478,274.44,3,2025-01-14,Credit Card,Pending,10.11,305.3,Europe,2
617547,697,2361,71.9,3,2025-02-11,Bank Transfer,Pending,10.73,80.55,North America,4
768855,237,2903,169.01,3,2025-01-02,Credit Card,Pending,1.02,170.76,South America,2
753154,471,2566,179.87,4,2025-01-09,Cash,Pending,16.51,215.43,South America,5
647615,221,2131,488.79,4,2025-02-06,Debit Card,Canceled,18.78,601.8,Europe,2
838383,716,2521,230.62,1,2025-01-30,PayPal,Canceled,6.66,247.08,Africa,5
346526,567,2152,322.82,5,2025-02-06,Cash,Pending,3.25,333.66,South America,3
627480,707,2344,278.29,5,2025-01-31,Cash,Pending,9.5,307.5,North America,3
368621,439,2689,99.32,4,2025-01-10,Credit Card,Canceled,9.49,109.74,South America,5
26433,333,2738,73.11,4,2025-02-05,Cash,Pending,2.96,75.34,Europe,1
140301,686,2970,365.23,2,2025-02-01,Debit Card,Pending,3.03,376.64,Europe,4
943998,613,2793,325.17,4,2025-01-19,Credit Card,Canceled,2.76,334.41,Europe,5
943157,432,2678,265.27,4,2025-01-20,Bank Transfer,Canceled,6.85,284.77,Asia,3
148489,724,2495,136.52,2,2025-01-18,Debit Card,Completed,18.83,168.19,Asia,3
87944,821,2212,360.61,4,2025-01-30,Debit Card,Canceled,18.67,443.41,Asia,3
404527,224,2587,354.48,4,2025-02-11,Debit Card,Completed,5.81,376.34,Asia,1
776293,454,2946,249.07,3,2025-02-06,PayPal,Completed,16.56,298.5,Asia,5
512700,812,2278,111.77,5,2025-02-08,PayPal,Completed,1.02,112.92,South America,2
377137,753,2238,73.62,4,2025-01-02,Bank Transfer,Completed,13.62,85.23,Europe,1
247500,663,2951,121.07,4,2025-01-07,PayPal,Pending,6.42,129.38,North America,1
505580,767,2587,154.5,1,2025-01-25,PayPal,Completed,19.94,192.99,Africa,4
60597,290,2959,387.05,3,2025-02-07,Debit Card,Canceled,12.06,440.11,Asia,3
409696,565,2656,294.49,4,2025-02-02,Cash,Pending,5.46,311.49,North America,3
10124,266,2748,256.51,3,2025-01-25,Credit Card,Canceled,6.74,275.05,Asia,5
571407,790,2775,136.92,5,2025-01-18,Bank Transfer,Pending,10.31,152.65,North America,4
302993,785,2097,133.15,2,2025-01-17,PayPal,Completed,5.22,140.48,Europe,4
947031,871,2273,479.32,3,2025-01-21,Cash,Completed,5.23,505.78,Asia,2
438788,163,2683,103.2,3,2025-01-28,Cash,Canceled,15.4,121.98,North America,3
752555,476,2629,149.38,2,2025-02-07,Bank Transfer,Canceled,19.78,186.21,Asia,4
940908,818,2562,460.76,5,2025-01-30,PayPal,Completed,13.61,533.33,South America,1
355340,638,2457,287.68,3,2025-01-17,Cash,Completed,1.24,291.28,South America,5
542047,307,2586,291.5,2,2025-02-06,Cash,Pending,2.32,298.44,Europe,5
567110,600,2093,454.5,4,2025-02-11,PayPal,Canceled,8.31,495.68,South America,1
814616,672,2473,352.75,3,2025-01-11,Bank Transfer,Pending,16.33,421.59,Europe,5
875047,174,2046,240.66,1,2025-02-11,Credit Card,Pending,0.63,242.2,Africa,2
168137,887,2138,394.62,4,2025-01-07,Bank Transfer,Pending,17.39,477.7,Africa,4
592659,182,2699,483.86,5,2025-02-02,Debit Card,Completed,3.57,501.77,South America,4
872127,641,2130,377.54,2,2025-01-30,Credit Card,Pending,9.26,416.07,South America,4
946039,644,2388,420.51,2,2025-01-24,PayPal,Pending,3.77,436.98,North America,1
225466,928,2676,238.66,1,2025-01-23,Credit Card,Completed,11.88,270.83,Africa,5
350786,788,2720,442.5,2,2025-02-01,Bank Transfer,Pending,4.69,464.26,Europe,1
457593,243,2515,497.07,2,2025-01-30,Debit Card,Canceled,11.96,564.59,Asia,2
635920,409,2897,114.47,5,2025-01-25,Debit Card,Pending,1.22,115.88,South America,2
896488,741,2695,242.24,4,2025-01-26,Bank Transfer,Canceled,6.37,258.73,Africa,4
178212,252,2307,219.41,5,2025-02-12,PayPal,Pending,17.15,264.83,Europe,4
548407,159,2575,235.7,4,2025-01-02,PayPal,Pending,4.86,247.73,Europe,3
378584,762,2080,465.0,3,2025-01-17,PayPal,Completed,5.37,491.38,South America,5
743603,140,2894,82.75,5,2025-01-27,Cash,Completed,9.59,91.53,Asia,3
192989,115,2216,471.72,1,2025-01-12,Bank Transfer,Completed,13.91,547.95,Europe,4
336629,345,2565,194.73,3,2025-02-02,Cash,Canceled,7.19,209.8,Asia,3
776843,625,2903,273.77,1,2025-01-17,Debit Card,Completed,7.41,295.69,Africa,1
16547,676,2884,149.57,2,2025-01-16,Cash,Canceled,11.58,169.16,Africa,3
962298,256,2200,198.44,4,2025-01-09,PayPal,Pending,11.01,223.0,Asia,3
71060,881,2841,269.88,4,2025-01-18,Debit Card,Completed,2.8,277.65,South America,4
182230,288,2938,450.21,1,2025-01-11,Credit Card,Canceled,0.97,454.62,North America,4
604807,240,2862,333.82,1,2025-02-07,Credit Card,Completed,10.11,371.38,Asia,1
567175,732,2653,350.04,5,2025-01-08,Bank Transfer,Completed,0.13,350.5,South America,4
868625,112,2017,288.24,3,2025-01-09,Credit Card,Canceled,16.26,344.22,Africa,2
354005,209,2940,93.34,2,2025-01-07,Cash,Canceled,5.05,98.3,Asia,3
381966,914,2406,85.56,4,2025-01-13,PayPal,Canceled,4.52,89.61,North America,1
418363,195,2415,220.67,5,2025-01-30,Credit Card,Canceled,3.43,228.5,Africa,4
863163,760,2803,199.07,1,2025-02-04,Credit Card,Completed,4.23,207.86,South America,4
598103,377,2047,465.87,3,2025-02-05,Credit Card,Completed,18.58,572.15,Asia,1
680619,312,2601,114.89,4,2025-02-02,PayPal,Canceled,4.81,120.69,Africa,5
385077,439,2393,390.02,2,2025-01-14,Credit Card,Canceled,14.91,458.36,Asia,1
264550,200,2447,154.46,1,2025-02-04,Cash,Canceled,7.93,167.77,Asia,1
13001,749,2279,402.6,4,2025-01-28,Debit Card,Canceled,18.82,495.95,Africa,2
366542,796,2599,347.3,1,2025-01-05,PayPal,Canceled,1.47,352.48,Asia,2
538889,489,2728,402.75,2,2025-01-24,Debit Card,Pending,2.13,411.52,North America,3
777849,555,2368,392.61,1,2025-02-12,PayPal,Pending,8.98,431.33,South America,5
95544,517,2105,61.82,3,2025-02-10,Cash,Canceled,15.69,73.32,Africa,1
420212,398,2423,224.51,1,2025-02-12,Cash,Completed,11.44,253.51,Europe,4
145977,273,2142,171.01,3,2025-01-17,Credit Card,Completed,8.69,187.29,Africa,3
412601,595,2801,84.61,3,2025-01-10,Bank Transfer,Canceled,12.33,96.51,Africa,1
466462,238,2311,53.05,4,2025-01-01,Cash,Pending,16.08,63.22,Asia,4
286635,442,2440,416.96,5,2025-02-03,Debit Card,Canceled,18.95,514.42,Europe,4
381441,421,2181,484.06,3,2025-01-30,Bank Transfer,Canceled,15.64,573.8,Asia,4
18795,387,2836,403.64,3,2025-01-21,Cash,Completed,11.84,457.87,South America,2
110414,798,2786,297.54,4,2025-02-05,Bank Transfer,Pending,16.63,356.87,North America,4
764002,789,2511,112.63,3,2025-01-08,PayPal,Canceled,8.46,123.04,Africa,1
31283,559,2612,265.66,4,2025-02-06,Bank Transfer,Canceled,0.74,267.63,Asia,5
311149,708,2653,461.48,1,2025-01-25,Debit Card,Completed,12.94,530.07,North America,5
446889,760,2693,341.03,3,2025-01-05,Credit Card,Completed,5.17,359.64,South America,5
10118,671,2594,359.45,2,2025-01-04,Bank Transfer,Pending,15.45,425.12,South America,5
943288,254,2353,498.97,4,2025-01-21,Bank Transfer,Completed,2.32,510.83,Europe,3
122608,419,2351,254.9,2,2025-01-09,Debit Card,Pending,1.95,259.98,Africa,3
223097,168,2307,70.11,1,2025-02-04,Debit Card,Canceled,2.19,71.68,Europe,2
309637,628,2178,298.36,3,2025-01-14,Bank Transfer,Completed,15.96,355.0,Europe,2
132769,755,2673,244.46,1,2025-01-30,PayPal,Pending,11.84,277.3,Africa,1
68381,821,2219,142.6,1,2025-02-03,Cash,Completed,7.32,153.86,Europe,4
273568,216,2268,351.82,4,2025-01-18,Debit Card,Canceled,7.77,381.47,Africa,5
135038,216,2356,208.39,4,2025-01-04,Debit Card,Canceled,11.8,236.28,Europe,3
770649,220,2244,187.42,2,2025-01-14,PayPal,Canceled,7.77,203.21,South America,2
3444,688,2392,240.37,4,2025-01-31,PayPal,Canceled,3.34,248.67,Asia,2
950368,291,2322,428.89,5,2025-01-03,Debit Card,Completed,9.69,474.92,Europe,4
651347,675,2517,343.88,4,2025-01-23,Bank Transfer,Canceled,16.8,413.31,Africa,2
819015,184,2578,63.89,2,2025-02-05,Debit Card,Completed,10.75,71.59,Europe,4
80840,679,2760,397.65,4,2025-01-03,Credit Card,Canceled,2.28,406.95,South America,3
916394,655,2842,390.55,4,2025-02-01,Bank Transfer,Completed,14.72,457.96,Europe,3
58499,995,2033,252.38,3,2025-01-11,Credit Card,Completed,4.2,263.44,South America,3
347553,981,2727,324.62,4,2025-02-09,PayPal,Completed,16.27,387.7,North America,5
774747,459,2545,176.49,5,2025-01-22,Debit Card,Pending,11.45,199.32,South America,1
593977,238,2985,387.54,4,2025-01-26,PayPal,Canceled,17.32,468.73,Europe,2
58937,828,2329,422.82,4,2025-02-03,Cash,Canceled,5.37,446.83,Africa,4
246843,562,2077,335.13,1,2025-01-06,Debit Card,Canceled,18.73,412.35,Asia,4
831134,599,2335,311.88,1,2025-02-02,Debit Card,Completed,15.91,370.9,Africa,2
282659,539,2844,145.33,3,2025-01-15,Debit Card,Pending,10.95,163.19,Europe,5
626483,972,2496,404.74,1,2025-01-23,Bank Transfer,Completed,2.48,415.05,Europe,4
891079,567,2000,496.33,4,2025-02-11,PayPal,Canceled,6.04,528.22,Asia,1
847437,770,2369,162.68,3,2025-02-01,PayPal,Completed,7.93,176.69,Asia,2
787223,539,2671,91.04,1,2025-01-26,Bank Transfer,Completed,2.65,93.52,Europe,5
574830,796,2455,54.18,3,2025-01-19,Bank Transfer,Canceled,2.64,55.65,North America,2
796697,492,2091,378.84,1,2025-01-08,Debit Card,Pending,2.74,389.52,Europe,2
729887,170,2543,303.48,5,2025-01-27,Bank Transfer,Pending,14.45,354.73,Europe,4
956560,730,2703,249.07,2,2025-01-23,Credit Card,Completed,15.05,293.19,South America,4
780981,459,2986,243.22,2,2025-02-12,Credit Card,Completed,11.07,273.49,South America,5
793855,391,2797,473.58,1,2025-02-04,Debit Card,Completed,10.35,528.28,South America,2
906756,865,2401,182.99,1,2025-02-09,Bank Transfer,Completed,4.82,192.26,South America,1
772689,640,2910,489.96,3,2025-01-19,Bank Transfer,Canceled,8.42,534.99,South America,2
516115,881,2482,479.5,1,2025-02-07,Credit Card,Completed,5.24,506.03,North America,1
167278,908,2407,277.97,5,2025-01-06,Bank Transfer,Completed,12.81,318.81,South America,5
773760,256,2284,87.62,1,2025-01-04,PayPal,Completed,10.73,98.15,Africa,5
700127,749,2781,425.54,1,2025-01-16,Bank Transfer,Canceled,19.07,525.8,Europe,1
271091,350,2088,466.08,1,2025-01-09,Cash,Completed,6.19,496.81,Europe,1
285463,112,2724,111.75,1,2025-01-23,Debit Card,Canceled,10.34,124.64,Asia,2
990907,480,2129,387.4,3,2025-01-24,Credit Card,Completed,6.7,415.22,Africa,3
388412,636,2065,168.33,5,2025-01-23,Bank Transfer,Pending,10.22,187.48,North America,4
112101,979,2580,125.1,2,2025-01-19,Credit Card,Canceled,13.48,144.59,North America,2
799807,858,2521,51.16,1,2025-02-06,Bank Transfer,Pending,7.66,55.4,Europe,2
576901,978,2036,298.79,4,2025-01-30,PayPal,Pending,18.32,365.79,Asia,3
327210,945,2079,307.19,1,2025-01-23,Credit Card,Completed,4.46,321.54,South America,1
78920,510,2070,444.65,3,2025-01-19,Credit Card,Canceled,9.13,489.35,Asia,2
925064,398,2577,403.03,5,2025-01-31,Debit Card,Canceled,19.44,500.27,Europe,5
727333,878,2815,160.31,1,2025-02-04,PayPal,Canceled,6.93,172.24,North America,3
784450,101,2777,345.79,3,2025-01-17,Cash,Completed,8.4,377.48,North America,2
964692,828,2286,91.86,2,2025-01-22,Debit Card,Pending,19.49,114.1,North America,5
920504,197,2517,110.08,4,2025-01-26,Cash,Completed,8.7,120.57,Europe,2
66306,398,2267,432.91,4,2025-02-09,Debit Card,Pending,9.06,476.01,Europe,1
637054,307,2139,400.97,5,2025-02-07,Credit Card,Completed,8.99,440.58,Asia,4
379971,223,2548,211.23,2,2025-02-12,Bank Transfer,Pending,17.05,254.65,North America,2
528643,926,2702,186.9,5,2025-01-15,Debit Card,Completed,1.82,190.37,Europe,3
376715,505,2525,72.03,3,2025-02-11,PayPal,Completed,19.04,88.97,Africa,5
826150,866,2563,162.43,4,2025-02-03,PayPal,Completed,0.24,162.82,Europe,2
928333,302,2843,230.26,1,2025-01-19,Debit Card,Completed,0.44,231.27,North America,2
337259,761,2454,414.18,1,2025-01-03,Credit Card,Pending,1.01,418.42,South America,4
765740,941,2741,227.75,1,2025-02-12,Bank Transfer,Completed,7.08,245.1,Europe,3
986246,386,2456,447.54,1,2025-01-22,Cash,Completed,12.95,514.09,Africa,4
4269,663,2490,77.44,3,2025-02-06,Bank Transfer,Completed,12.85,88.86,South America,2
919025,745,2821,294.65,1,2025-01-13,Debit Card,Pending,10.89,330.66,Africa,3
304978,679,2514,194.72,3,2025-01-05,Debit Card,Canceled,4.38,203.64,Asia,1
983116,928,2483,288.24,5,2025-01-18,Credit Card,Completed,13.14,331.83,Asia,5
635606,935,2810,462.77,1,2025-01-05,Bank Transfer,Pending,18.7,569.24,Europe,2
312168,342,2606,193.1,3,2025-02-08,Debit Card,Canceled,11.27,217.63,South America,2
592277,956,2829,446.73,4,2025-01-17,PayPal,Pending,0.76,450.15,North America,2
153630,716,2224,58.97,4,2025-02-12,Cash,Completed,16.13,70.31,Asia,2
14029,921,2864,440.7,1,2025-02-07,Cash,Canceled,18.34,539.71,North America,5
354086,981,2373,482.25,3,2025-01-08,Bank Transfer,Canceled,2.02,492.2,Asia,3
571070,239,2999,120.88,4,2025-01-11,Debit Card,Completed,14.14,140.79,South America,5
572788,905,2365,150.46,5,2025-02-09,Debit Card,Canceled,13.77,174.49,Europe,2
223938,846,2001,476.95,5,2025-01-17,Cash,Completed,3.64,494.98,Asia,5
679043,326,2654,304.5,4,2025-01-14,Credit Card,Completed,6.94,327.19,Asia,2
645835,751,2906,483.39,3,2025-02-11,Debit Card,Completed,4.99,508.78,North America,3
371961,362,2805,98.62,1,2025-02-04,Bank Transfer,Canceled,8.39,107.66,Europe,4
262475,604,2902,220.42,5,2025-01-25,Bank Transfer,Canceled,13.02,253.41,Europe,2
427324,562,2075,409.64,1,2025-01-01,Debit Card,Pending,19.03,505.94,North America,3
803581,274,2909,218.96,1,2025-01-03,Credit Card,Pending,11.88,248.48,South America,4
249275,821,2031,244.1,2,2025-01-26,Bank Transfer,Completed,1.07,246.74,Asia,2
881872,294,2419,363.74,5,2025-01-03,Debit Card,Pending,4.75,381.88,North America,4
683681,685,2562,427.93,2,2025-01-14,Credit Card,Pending,1.75,435.56,South America,4
925251,304,2099,61.58,2,2025-01-03,Credit Card,Pending,16.88,74.08,Asia,4
635551,582,2500,452.69,3,2025-01-12,Cash,Pending,3.7,470.07,Africa,3
749088,291,2456,70.08,4,2025-01-27,PayPal,Pending,11.28,78.99,Europe,1
287113,187,2684,204.71,5,2025-02-02,Cash,Completed,11.07,230.2,Africa,5
32865,528,2988,290.98,4,2025-01-15,PayPal,Pending,5.98,309.48,Africa,1
650623,614,2584,455.2,5,2025-02-01,PayPal,Completed,18.99,561.87,Africa,2
388283,271,2995,145.35,2,2025-01-14,Bank Transfer,Completed,19.77,181.16,Africa,2
337951,942,2642,116.55,5,2025-01-11,Credit Card,Completed,7.76,126.36,Africa,5
878236,433,2877,174.29,4,2025-02-07,Cash,Canceled,10.45,194.63,Africa,1
289953,524,2153,116.69,5,2025-01-06,Credit Card,Completed,11.25,131.49,North America,3
506535,988,2548,446.06,4,2025-01-29,Bank Transfer,Canceled,12.18,507.92,North America,2
13697,382,2412,114.73,5,2025-01-23,Bank Transfer,Completed,7.92,124.59,Asia,2
784542,150,2763,263.85,3,2025-01-09,Debit Card,Pending,6.22,281.35,Africa,1
779664,989,2233,110.47,4,2025-01-14,Bank Transfer,Canceled,12.91,126.85,Europe,4
619829,316,2935,420.79,4,2025-01-07,Debit Card,Completed,10.31,469.14,Europe,1
535476,418,2726,278.06,2,2025-01-28,Cash,Completed,3.47,288.07,Europe,1
355733,355,2033,255.4,3,2025-01-10,Debit Card,Pending,16.47,305.76,South America,4
957882,750,2945,105.74,1,2025-01-25,Bank Transfer,Canceled,8.92,116.1,Africa,5
897608,664,2358,204.91,3,2025-01-03,Credit Card,Pending,0.55,206.04,North America,2
189526,974,2585,400.92,2,2025-02-09,PayPal,Canceled,4.13,418.21,Africa,5
590588,120,2885,401.14,1,2025-02-04,PayPal,Canceled,3.46,415.53,North America,2
715906,358,2622,412.29,3,2025-02-07,Debit Card,Pending,17.91,502.24,Asia,4
603030,358,2223,260.01,5,2025-01-11,Cash,Completed,0.15,260.39,Asia,5
691630,762,2608,324.07,3,2025-01-17,Bank Transfer,Completed,6.73,347.44,Asia,3
122864,982,2283,167.52,3,2025-02-07,Cash,Completed,17.99,204.28,South America,4
906820,776,2327,356.34,1,2025-02-05,Debit Card,Pending,18.14,435.29,Africa,4
347784,854,2036,312.36,5,2025-01-27,PayPal,Canceled,10.69,349.76,Africa,3
813918,619,2307,430.44,5,2025-02-07,Credit Card,Pending,2.56,441.74,Asia,5
268942,881,2934,132.38,3,2025-01-02,PayPal,Pending,4.47,138.57,Asia,4
257401,907,2908,199.09,3,2025-01-17,Bank Transfer,Completed,9.41,219.77,South America,5
631311,735,2072,262.5,2,2025-01-18,Bank Transfer,Canceled,5.97,279.16,North America,2
627702,240,2205,204.2,5,2025-01-03,Debit Card,Canceled,3.61,211.84,North America,4
20136,440,2646,493.99,3,2025-01-27,Credit Card,Pending,5.47,522.58,Europe,5
597855,882,2162,270.31,1,2025-01-14,Bank Transfer,Canceled,8.59,295.71,Africa,4
714147,492,2004,66.98,2,2025-01-02,Credit Card,Pending,15.14,78.93,South America,2
706874,118,2692,51.86,2,2025-01-15,Debit Card,Pending,2.58,53.23,Africa,5
726987,702,2313,125.16,1,2025-01-05,Bank Transfer,Canceled,10.41,139.7,South America,3
751080,544,2909,359.05,2,2025-02-10,Bank Transfer,Pending,15.0,422.42,Europe,4
639494,119,2233,150.94,2,2025-01-10,Credit Card,Canceled,10.09,167.88,North America,3
692733,828,2666,406.46,4,2025-01-23,Cash,Canceled,0.97,410.45,North America,1
749930,769,2856,58.88,1,2025-01-26,Bank Transfer,Completed,10.95,66.12,Africa,2
660954,310,2711,358.58,1,2025-01-31,Credit Card,Canceled,10.41,400.23,South America,5
686724,817,2140,238.47,1,2025-02-11,Cash,Completed,5.65,252.76,North America,4
475978,303,2623,139.89,3,2025-01-10,Debit Card,Canceled,8.2,152.38,Europe,1
664503,661,2508,459.66,4,2025-01-16,Credit Card,Completed,13.43,530.99,North America,5
173638,785,2505,117.12,1,2025-01-31,Credit Card,Pending,12.89,134.45,Africa,3
379531,370,2475,72.54,2,2025-02-02,Debit Card,Pending,16.03,86.39,Asia,4
136797,856,2118,92.75,1,2025-01-23,PayPal,Canceled,12.94,106.54,Asia,3
206155,548,2978,329.81,1,2025-02-12,Debit Card,Completed,2.28,337.49,Africa,4
445681,378,2855,223.57,4,2025-01-04,PayPal,Completed,2.65,229.66,North America,2
652386,206,2426,460.05,4,2025-01-31,Bank Transfer,Completed,12.23,524.13,Asia,5
17244,129,2883,358.01,2,2025-01-16,Bank Transfer,Completed,17.75,435.28,Africa,1
922363,164,2267,344.74,1,2025-01-14,Cash,Canceled,11.53,389.68,South America,2
721439,785,2894,202.24,5,2025-01-30,Cash,Completed,8.66,221.41,Europe,4
604525,454,2679,354.33,4,2025-02-08,Cash,Canceled,1.09,358.24,Europe,5
657879,969,2480,433.34,2,2025-01-24,Bank Transfer,Pending,4.82,455.27,Asia,1
91328,619,2228,297.72,4,2025-02-02,PayPal,Completed,9.18,327.82,South America,4
353577,190,2877,274.31,3,2025-01-06,Credit Card,Completed,8.07,298.39,North America,5
653037,662,2000,421.66,5,2025-02-04,Debit Card,Canceled,11.25,475.09,Africa,3
243795,472,2845,74.42,2,2025-01-17,Cash,Canceled,12.0,84.57,Asia,4
229411,216,2099,391.69,2,2025-01-29,Debit Card,Canceled,19.29,485.3,Asia,5
589150,634,2382,365.94,1,2025-01-29,PayPal,Canceled,14.85,429.76,Africa,1
315157,360,2625,138.16,1,2025-01-12,Bank Transfer,Completed,14.34,161.28,North America,4
362800,147,2948,334.96,5,2025-01-22,Bank Transfer,Pending,13.17,385.76,South America,2
677974,610,2004,288.66,1,2025-01-09,Bank Transfer,Canceled,9.66,319.52,South America,2
228822,808,2592,128.14,2,2025-01-03,Cash,Canceled,17.65,155.61,South America,4
658986,528,2623,462.16,2,2025-02-02,Debit Card,Pending,9.06,508.19,Europe,2
93577,522,2616,365.01,5,2025-01-15,Cash,Pending,14.24,425.61,South America,2
876091,305,2214,330.88,3,2025-02-08,PayPal,Canceled,13.0,380.33,Europe,5
915463,655,2710,336.59,1,2025-01-15,Bank Transfer,Canceled,11.41,379.95,Africa,5
40762,392,2898,431.29,1,2025-01-07,Credit Card,Pending,2.91,444.2,North America,2
64992,373,2768,403.49,3,2025-01-16,PayPal,Completed,13.81,468.15,Asia,2
348070,871,2554,64.54,4,2025-02-08,Cash,Completed,14.85,75.79,South America,4
480882,343,2523,402.94,3,2025-01-11,Credit Card,Pending,7.75,436.8,Asia,5
803539,155,2013,384.65,2,2025-01-02,Bank Transfer,Completed,18.23,470.4,Asia,5
901721,659,2756,321.52,2,2025-01-30,PayPal,Canceled,1.49,326.38,Europe,5
790248,222,2386,68.29,3,2025-01-06,PayPal,Completed,11.68,77.32,Asia,1
399464,438,2477,369.36,2,2025-01-18,Debit Card,Canceled,1.02,373.16,South America,3
983174,602,2808,307.7,3,2025-01-22,Debit Card,Canceled,4.4,321.86,Europe,5
40233,169,2805,277.31,4,2025-01-03,Bank Transfer,Completed,6.99,298.14,Europe,3
117399,439,2369,182.11,5,2025-01-09,Cash,Canceled,0.18,182.43,Asia,4
461665,346,2926,339.02,5,2025-01-12,Debit Card,Pending,18.32,415.05,North America,4
879797,362,2553,375.79,1,2025-01-30,Debit Card,Canceled,16.06,447.67,Africa,4
697818,144,2303,454.23,2,2025-01-01,Credit Card,Completed,3.35,469.96,South America,5
120284,107,2641,79.46,2,2025-01-23,Credit Card,Completed,10.76,89.04,Africa,1
449850,864,2702,119.19,4,2025-01-26,Credit Card,Completed,1.46,120.96,Europe,3
680312,671,2072,308.73,2,2025-01-31,Bank Transfer,Pending,12.6,353.26,Africa,3
235009,117,2398,352.98,5,2025-01-12,Cash,Completed,15.12,415.85,South America,1
777661,817,2868,82.67,5,2025-01-21,Debit Card,Canceled,1.73,84.13,Africa,4
177906,504,2841,347.33,4,2025-01-09,PayPal,Completed,14.94,408.31,South America,3
373920,749,2147,184.13,3,2025-02-02,Cash,Completed,2.46,188.78,North America,5
738043,710,2403,291.72,1,2025-01-09,Debit Card,Completed,8.25,317.96,South America,2
886760,264,2188,149.35,3,2025-01-09,PayPal,Canceled,15.99,177.78,North America,5
988928,572,2660,297.35,3,2025-01-12,Debit Card,Completed,3.95,309.57,South America,4
709476,438,2365,107.7,2,2025-01-14,Cash,Completed,18.0,131.35,Asia,4
193977,561,2336,327.35,3,2025-01-27,PayPal,Canceled,11.34,369.21,Asia,4
256150,272,2004,190.95,2,2025-01-06,Bank Transfer,Pending,16.8,229.51,Europe,3
259728,998,2491,258.28,3,2025-01-25,Cash,Completed,3.52,267.69,South America,1
99485,961,2287,436.42,2,2025-01-04,Debit Card,Canceled,17.73,530.45,North America,1
664941,119,2869,278.23,1,2025-01-29,Bank Transfer,Canceled,4.26,290.6,North America,5
129782,366,2556,452.29,5,2025-01-01,PayPal,Pending,7.85,490.82,South America,3
357144,237,2475,275.51,1,2025-01-28,Cash,Completed,13.25,317.6,South America,2
549790,875,2526,113.17,2,2025-01-13,Cash,Canceled,17.44,137.08,Europe,4
750525,467,2041,148.47,4,2025-01-10,Debit Card,Pending,4.68,155.76,Europe,5
930290,910,2369,224.64,4,2025-02-09,Debit Card,Completed,14.07,261.44,South America,3
829905,954,2759,168.49,5,2025-02-05,Bank Transfer,Canceled,7.57,182.29,South America,1
585273,629,2257,219.35,2,2025-01-15,Debit Card,Pending,9.74,243.01,Africa,5
693541,106,2513,446.92,4,2025-01-31,Credit Card,Canceled,12.87,512.93,Europe,2
472908,291,2161,213.0,1,2025-01-25,Bank Transfer,Pending,14.41,248.85,Africa,4
574592,590,2215,315.86,4,2025-01-16,Credit Card,Completed,11.47,356.78,Europe,2
58140,744,2524,67.64,5,2025-01-29,PayPal,Pending,18.45,82.94,South America,4
980781,713,2992,303.62,1,2025-02-01,Debit Card,Completed,4.33,317.37,South America,4
703887,988,2493,126.76,4,2025-01-31,Cash,Completed,12.46,144.81,South America,3
9474,271,2741,358.52,4,2025-02-12,Credit Card,Completed,7.56,387.86,Europe,1
913012,116,2207,285.22,5,2025-01-19,PayPal,Canceled,1.93,290.82,Africa,5
964856,714,2039,444.99,5,2025-01-09,Credit Card,Completed,9.64,492.49,Europe,5
504053,652,2847,50.54,4,2025-01-13,Debit Card,Completed,13.95,58.74,Africa,2
788967,921,2493,405.3,4,2025-01-01,Cash,Completed,8.51,443.0,Asia,4
264218,884,2238,459.54,1,2025-02-05,Cash,Pending,5.16,484.52,North America,1
394785,691,2535,103.02,1,2025-01-28,PayPal,Canceled,16.09,122.77,Africa,3
177400,209,2158,241.73,5,2025-01-10,Cash,Pending,11.29,272.51,South America,3
37753,796,2406,389.74,4,2025-02-09,Cash,Pending,3.57,404.19,South America,5
199839,595,2259,494.83,5,2025-02-06,Bank Transfer,Canceled,2.76,508.88,North America,2
567427,557,2801,364.69,2,2025-01-30,Cash,Pending,15.72,432.72,South America,5
977421,813,2700,368.06,2,2025-01-30,Credit Card,Completed,16.47,440.61,Africa,5
868489,545,2090,78.84,2,2025-01-22,Cash,Completed,14.49,92.2,Africa,5
899613,771,2533,178.91,5,2025-01-09,PayPal,Canceled,9.89,198.54,North America,2
197931,970,2672,468.84,5,2025-01-10,Credit Card,Canceled,10.21,522.16,Europe,5
513935,273,2690,66.23,2,2025-01-05,PayPal,Completed,19.94,82.72,Africa,3
332481,785,2404,232.45,2,2025-01-07,Credit Card,Completed,10.99,261.16,South America,5
747724,456,2355,483.48,3,2025-02-02,PayPal,Pending,18.59,593.91,South America,1
845856,367,2179,233.21,1,2025-02-10,Cash,Pending,6.8,250.22,North America,5
151336,363,2897,292.06,5,2025-01-12,Bank Transfer,Pending,11.26,329.13,Europe,3
613860,894,2469,356.72,5,2025-02-12,Credit Card,Pending,1.35,361.61,Europe,2
75956,919,2323,235.59,3,2025-01-25,Credit Card,Canceled,16.64,282.63,Europe,3
974136,195,2408,353.16,3,2025-02-06,PayPal,Pending,6.28,376.81,Europe,5
818061,375,2187,476.2,2,2025-01-11,PayPal,Completed,14.71,558.32,Asia,2
233663,334,2207,425.72,5,2025-01-03,Credit Card,Completed,18.4,521.74,Africa,5
949923,106,2782,435.69,1,2025-02-12,Cash,Pending,9.85,483.28,South America,3
488434,602,2187,492.98,5,2025-02-08,PayPal,Canceled,2.56,505.96,South America,4
295302,589,2962,293.35,5,2025-02-12,PayPal,Pending,19.53,364.55,South America,4
892263,423,2705,53.79,2,2025-02-02,Credit Card,Pending,7.23,57.98,Asia,2
870702,661,2269,156.71,4,2025-01-16,Debit Card,Completed,9.98,174.07,Europe,4
969383,817,2770,217.54,4,2025-01-24,PayPal,Canceled,2.62,223.4,South America,2
518298,933,2102,374.37,2,2025-01-25,Bank Transfer,Completed,2.92,385.62,Europe,4
20715,925,2009,129.47,4,2025-02-09,Cash,Canceled,14.41,151.27,Africa,3
564602,356,2575,436.33,1,2025-02-05,PayPal,Completed,4.31,455.98,Asia,4
921852,959,2644,93.34,3,2025-01-03,Debit Card,Canceled,11.15,105.05,Asia,3
700788,120,2421,104.56,5,2025-02-10,Cash,Canceled,12.98,120.16,Europe,3
132479,463,2332,352.94,4,2025-02-09,Credit Card,Pending,12.27,402.32,Africa,2
227945,989,2171,338.26,3,2025-01-29,Cash,Canceled,8.1,368.06,North America,1
953149,265,2351,152.7,3,2025-01-14,Debit Card,Canceled,12.89,175.3,Asia,4
910596,899,2883,472.45,5,2025-01-18,Bank Transfer,Completed,3.68,490.49,North America,2
92362,845,2240,347.91,1,2025-01-19,Bank Transfer,Completed,1.91,354.69,Africa,5
578809,155,2026,396.92,5,2025-01-22,Debit Card,Canceled,3.11,409.64,Africa,3
651823,334,2253,381.92,4,2025-02-03,PayPal,Canceled,16.77,458.87,North America,1
248042,779,2365,437.17,3,2025-02-10,Cash,Pending,10.97,491.04,Europe,5
916552,281,2605,318.91,5,2025-02-01,Cash,Pending,18.18,389.76,Africa,5
578935,332,2824,90.3,3,2025-01-25,Debit Card,Completed,6.07,96.14,North America,5
414362,934,2776,431.58,3,2025-02-07,Cash,Completed,13.76,500.41,Africa,4
615589,406,2009,394.64,3,2025-01-29,Credit Card,Canceled,7.47,426.51,Africa,5
97324,547,2404,162.45,4,2025-02-06,Debit Card,Completed,8.44,177.43,Europe,5
305692,882,2819,459.48,3,2025-01-06,Cash,Pending,8.26,500.84,North America,2
661704,239,2296,99.66,4,2025-01-05,Debit Card,Canceled,12.46,113.84,Europe,3
671278,119,2155,72.33,5,2025-02-06,Credit Card,Pending,5.38,76.45,Africa,1
303029,338,2092,117.81,4,2025-01-22,Bank Transfer,Pending,15.71,139.77,Africa,3
421066,574,2713,406.14,3,2025-01-01,PayPal,Completed,5.33,429.01,Africa,1
438758,656,2481,131.72,3,2025-02-03,Credit Card,Completed,19.49,163.61,Europe,4
450473,889,2998,249.33,1,2025-01-03,Credit Card,Canceled,13.32,287.64,Europe,4
608529,498,2697,482.55,3,2025-01-20,Credit Card,Canceled,18.75,593.9,South America,1
573390,359,2492,337.33,2,2025-02-04,Credit Card,Canceled,4.36,352.69,North America,2
770119,748,2444,196.03,2,2025-01-07,Credit Card,Pending,15.78,232.77,North America,1
859998,695,2802,360.84,5,2025-02-05,Credit Card,Completed,3.15,372.59,North America,5
691158,446,2953,486.34,1,2025-01-03,PayPal,Canceled,10.73,544.78,North America,2
943462,599,2238,192.53,5,2025-01-02,Debit Card,Pending,14.66,225.61,North America,4
660008,466,2741,110.63,1,2025-02-06,Bank Transfer,Canceled,5.89,117.56,Africa,2
100085,680,2191,294.63,3,2025-01-20,Debit Card,Canceled,18.29,360.58,South America,2
817519,170,2543,119.76,3,2025-02-06,Debit Card,Pending,0.01,119.78,South America,4
251989,851,2189,447.32,5,2025-02-08,Cash,Completed,6.41,477.98,North America,5
285839,938,2396,135.44,4,2025-02-08,Cash,Pending,6.45,144.78,Asia,1
446716,198,2535,346.5,1,2025-02-08,Credit Card,Completed,2.14,354.08,Europe,1
865588,132,2584,338.79,4,2025-02-12,Cash,Canceled,14.03,394.06,Asia,1
729975,475,2226,322.68,1,2025-01-14,PayPal,Canceled,9.83,357.85,North America,4
348658,920,2654,77.32,5,2025-02-05,Bank Transfer,Pending,15.88,91.92,North America,5
903629,372,2541,68.29,1,2025-01-12,PayPal,Canceled,1.94,69.64,Europe,5
487176,494,2194,136.9,2,2025-01-26,PayPal,Canceled,14.98,161.03,Africa,1
445778,884,2653,309.45,4,2025-01-19,Bank Transfer,Completed,3.34,320.13,Europe,5
290849,511,2516,201.88,2,2025-02-08,Bank Transfer,Pending,18.05,246.34,South America,3
732588,965,2380,235.55,4,2025-01-07,Cash,Completed,11.26,265.45,Europe,4
914799,884,2563,466.77,3,2025-01-24,Bank Transfer,Pending,0.0,466.79,North America,3
619871,710,2016,282.92,3,2025-02-01,PayPal,Completed,17.11,341.34,North America,3
737278,666,2523,300.35,5,2025-02-08,Credit Card,Pending,7.11,323.35,Europe,3
874731,475,2910,311.97,2,2025-01-30,Debit Card,Completed,11.41,352.15,South America,2
8269,851,2079,375.61,4,2025-01-05,Cash,Completed,11.9,426.37,Asia,1
434014,848,2827,309.33,1,2025-02-09,Debit Card,Pending,17.6,375.38,Africa,4
427466,988,2123,441.4,2,2025-01-10,Cash,Completed,12.68,505.48,Africa,1
401338,412,2536,68.53,5,2025-02-11,Debit Card,Canceled,13.96,79.64,Europe,1
430661,789,2749,498.82,4,2025-02-08,Cash,Completed,4.44,522.01,Asia,4
861439,251,2135,201.28,4,2025-01-10,Credit Card,Canceled,7.98,218.74,North America,4
486020,613,2444,398.22,2,2025-01-28,Cash,Completed,9.76,441.28,South America,2
804686,674,2630,498.69,5,2025-01-02,Credit Card,Pending,15.54,590.41,Asia,5
977702,191,2115,352.29,4,2025-01-27,PayPal,Pending,6.89,378.36,North America,3
724690,273,2358,327.3,4,2025-02-11,Bank Transfer,Completed,18.48,401.52,Europe,2
48222,801,2382,120.2,1,2025-01-31,Credit Card,Completed,18.98,148.36,Europe,3
899011,114,2351,362.21,1,2025-01-09,Bank Transfer,Completed,6.64,387.96,South America,2
103244,308,2559,285.47,3,2025-01-20,Cash,Canceled,19.85,356.15,North America,4
243594,696,2927,348.59,1,2025-01-01,Credit Card,Pending,4.01,363.17,South America,3
438430,154,2476,344.64,1,2025-02-02,Debit Card,Canceled,17.04,415.44,Asia,1
464506,119,2299,440.33,4,2025-01-01,Cash,Canceled,1.99,449.28,Asia,4
644237,987,2611,289.2,2,2025-01-05,Bank Transfer,Canceled,18.53,354.96,North America,1
324592,353,2944,288.24,3,2025-01-30,PayPal,Completed,6.94,309.72,Asia,3
267241,740,2309,156.29,5,2025-01-08,Credit Card,Canceled,5.15,164.78,Africa,1
821768,668,2971,176.09,2,2025-01-29,Bank Transfer,Canceled,2.75,181.06,Africa,5
748161,794,2627,442.72,2,2025-01-08,Cash,Completed,8.53,484.0,Asia,5
908110,437,2459,294.01,2,2025-02-01,Cash,Canceled,13.68,340.61,Europe,2
326260,416,2705,367.31,5,2025-02-05,PayPal,Canceled,18.66,451.58,Europe,3
785815,169,2570,289.83,1,2025-01-09,PayPal,Canceled,0.59,291.55,Asia,4
258094,521,2310,249.35,3,2025-02-01,PayPal,Completed,2.63,256.09,North America,5
678473,731,2273,322.52,5,2025-01-18,PayPal,Completed,13.75,373.93,Asia,1
997928,804,2798,264.47,5,2025-01-04,Debit Card,Completed,17.04,318.8,Africa,4
904301,240,2167,136.97,1,2025-02-08,Credit Card,Pending,19.0,169.11,Europe,2
662701,875,2209,79.76,4,2025-01-16,Debit Card,Pending,17.75,96.97,Africa,4
226100,894,2042,323.57,4,2025-01-17,Bank Transfer,Canceled,18.78,398.4,South America,5
885609,649,2537,338.63,1,2025-01-31,Bank Transfer,Pending,16.54,405.74,North America,2
788357,631,2550,228.03,1,2025-01-26,Cash,Canceled,19.25,282.4,Europe,3
22196,550,2407,447.98,3,2025-01-23,Bank Transfer,Pending,12.26,510.59,North America,5
919942,245,2474,423.45,4,2025-01-01,Cash,Completed,3.6,439.24,South America,5
473275,238,2402,236.1,4,2025-01-16,Bank Transfer,Canceled,17.93,287.69,Europe,4
979567,192,2256,195.83,2,2025-01-05,Credit Card,Completed,2.28,200.41,Africa,3
887662,187,2536,368.28,5,2025-01-30,Bank Transfer,Canceled,7.61,398.62,Europe,3
318276,679,2892,346.79,2,2025-01-21,PayPal,Completed,15.38,409.84,North America,4
408098,415,2316,378.57,4,2025-01-25,PayPal,Completed,17.97,461.51,Europe,1
944356,737,2783,163.9,4,2025-01-08,Bank Transfer,Canceled,16.15,195.47,South America,4
171771,343,2222,314.99,4,2025-02-05,Bank Transfer,Completed,12.02,358.04,North America,2
860730,660,2284,328.89,5,2025-01-31,PayPal,Completed,1.1,332.55,Asia,1
482983,248,2874,64.59,5,2025-01-29,Debit Card,Completed,0.98,65.23,Africa,2
832507,265,2688,177.97,5,2025-02-10,Cash,Completed,19.33,220.6,South America,3
540781,136,2095,395.83,3,2025-01-28,Bank Transfer,Completed,15.17,466.61,South America,1
939623,399,2482,110.55,3,2025-01-21,Bank Transfer,Canceled,4.2,115.39,Europe,5
695749,159,2111,307.12,5,2025-02-02,Cash,Canceled,5.74,325.84,South America,3
488757,365,2538,308.81,5,2025-01-17,PayPal,Canceled,11.25,347.97,South America,4
838553,604,2827,130.96,5,2025-01-18,Debit Card,Completed,0.03,131.0,North America,4
652738,740,2815,103.07,2,2025-01-06,Bank Transfer,Completed,6.68,110.44,South America,2
202400,111,2655,140.53,3,2025-02-04,Credit Card,Pending,6.01,149.51,South America,3
715579,885,2006,101.23,3,2025-01-29,Cash,Canceled,19.2,125.29,Europe,2
470108,438,2853,202.07,4,2025-01-16,Credit Card,Canceled,2.72,207.71,Europe,4
337790,985,2549,453.17,4,2025-02-09,Credit Card,Canceled,5.99,482.03,Asia,5
289808,648,2019,143.72,3,2025-01-01,PayPal,Pending,16.81,172.77,Asia,4
993312,741,2547,429.08,5,2025-01-13,PayPal,Canceled,2.34,439.35,Asia,3
91021,826,2032,172.17,1,2025-01-06,PayPal,Pending,9.04,189.28,Asia,2
793046,637,2309,128.76,3,2025-02-06,PayPal,Completed,8.88,141.3,North America,4
627472,612,2157,135.6,4,2025-01-26,Cash,Pending,15.51,160.49,Europe,1
677228,941,2960,282.27,2,2025-02-07,Credit Card,Pending,7.75,305.99,South America,1
799471,104,2318,469.55,5,2025-01-09,Bank Transfer,Completed,2.06,479.44,Asia,1
226812,691,2776,190.46,2,2025-01-14,PayPal,Pending,5.53,201.62,Asia,4
674275,787,2120,172.69,2,2025-01-03,Credit Card,Canceled,11.19,194.45,North America,2
153724,655,2358,297.21,3,2025-01-08,Debit Card,Canceled,4.9,312.51,North America,3
217860,727,2913,202.43,4,2025-02-05,Credit Card,Pending,18.07,247.06,North America,1
90114,492,2055,88.75,4,2025-01-24,Cash,Canceled,12.59,101.53,Africa,5
27227,464,2319,199.55,2,2025-01-31,Cash,Completed,19.47,247.81,Africa,5
315462,234,2095,415.78,4,2025-01-05,Debit Card,Canceled,12.89,477.3,Africa,4
446261,337,2970,150.71,5,2025-01-09,Debit Card,Pending,3.67,156.45,Asia,3
800698,564,2499,63.62,4,2025-01-26,Bank Transfer,Pending,16.92,76.57,Asia,3
951542,718,2588,107.33,1,2025-01-03,Credit Card,Pending,11.12,120.76,North America,3
502780,645,2472,230.37,4,2025-01-24,PayPal,Canceled,3.18,237.94,Africa,4
521246,167,2348,143.71,5,2025-01-28,Bank Transfer,Canceled,15.75,170.57,South America,2
858396,277,2678,351.32,5,2025-02-06,Cash,Canceled,9.26,387.16,South America,1
75876,941,2455,129.28,4,2025-02-04,Credit Card,Canceled,16.28,154.42,Africa,3
662403,606,2660,347.07,1,2025-02-03,PayPal,Canceled,18.07,423.59,North America,2
176611,776,2152,253.84,3,2025-01-24,Cash,Pending,3.91,264.18,Asia,3
610721,683,2813,460.94,3,2025-01-14,Debit Card,Completed,11.65,521.75,South America,5
570396,513,2867,107.4,3,2025-01-24,Cash,Completed,0.02,107.42,South America,3
611332,212,2881,176.99,1,2025-01-17,Cash,Pending,12.5,202.28,Africa,4
365109,490,2445,295.3,2,2025-02-09,PayPal,Canceled,7.69,319.91,Asia,4
558234,257,2295,498.86,2,2025-01-18,Credit Card,Canceled,0.31,500.43,Africa,4
3582,239,2086,111.75,4,2025-01-15,Cash,Pending,12.46,127.66,Africa,5
648850,534,2565,419.03,4,2025-01-15,PayPal,Pending,12.09,476.67,South America,4
106093,967,2748,156.54,5,2025-01-25,Cash,Canceled,7.34,168.94,North America,5
162472,594,2721,215.86,5,2025-02-05,Credit Card,Completed,14.6,252.77,South America,3
522203,576,2529,85.21,5,2025-01-12,Bank Transfer,Canceled,14.83,100.05,North America,5
261055,917,2593,190.62,1,2025-02-04,Credit Card,Pending,9.08,209.66,Africa,5
280928,851,2339,239.46,3,2025-01-18,Credit Card,Canceled,18.46,293.66,Asia,5
830635,366,2062,333.19,5,2025-01-22,Credit Card,Canceled,19.81,415.49,South America,1
528761,393,2496,87.13,5,2025-01-13,Debit Card,Pending,2.65,89.5,Asia,3
176025,978,2263,56.39,1,2025-01-01,Cash,Canceled,3.02,58.15,Africa,3
222800,927,2179,167.56,2,2025-01-20,Cash,Completed,6.86,179.9,North America,2
948076,709,2956,419.78,4,2025-01-11,Bank Transfer,Completed,13.21,483.69,Europe,2
71097,691,2751,428.82,1,2025-01-26,Credit Card,Completed,3.35,443.69,Africa,4
986516,408,2487,385.77,5,2025-01-27,Bank Transfer,Pending,5.25,407.16,South America,4
122207,112,2295,467.25,4,2025-01-28,Debit Card,Canceled,13.66,541.16,North America,1
749967,644,2652,209.22,4,2025-02-02,Debit Card,Pending,5.41,221.18,North America,3
772871,770,2598,226.02,2,2025-01-01,Cash,Completed,10.4,252.25,Europe,3
986494,660,2010,352.76,1,2025-01-24,Credit Card,Canceled,2.08,360.25,Africa,3
860487,324,2742,177.48,2,2025-02-03,Cash,Completed,1.14,179.52,South America,2
543374,713,2653,104.81,1,2025-02-03,Cash,Completed,7.52,113.33,South America,2
501432,213,2712,132.92,3,2025-01-16,Credit Card,Canceled,9.07,146.18,Asia,4
422369,808,2925,350.41,3,2025-01-12,Credit Card,Pending,15.54,414.89,Africa,4
723863,440,2061,166.21,3,2025-01-16,Credit Card,Pending,19.59,206.7,Europe,5
706515,502,2182,340.47,1,2025-01-19,Bank Transfer,Completed,12.28,388.13,North America,4
607594,832,2265,96.48,1,2025-02-11,Debit Card,Pending,0.38,96.84,Africa,2
187656,768,2655,50.39,1,2025-01-06,Debit Card,Completed,14.0,58.59,Africa,5
143715,103,2527,368.42,4,2025-02-05,Bank Transfer,Canceled,15.62,436.61,North America,5
337749,331,2003,222.99,4,2025-02-12,Cash,Pending,6.67,238.92,Asia,4
169962,156,2647,498.66,1,2025-01-09,Debit Card,Completed,16.82,599.52,Asia,2
78219,280,2567,67.7,4,2025-01-17,Debit Card,Canceled,7.8,73.43,North America,3
762250,598,2086,448.35,4,2025-01-30,PayPal,Completed,3.86,466.36,South America,2
247709,600,2398,78.35,5,2025-01-13,Bank Transfer,Canceled,19.3,97.09,Africa,1
180736,137,2347,75.22,1,2025-02-02,PayPal,Canceled,13.35,86.81,Africa,5
103998,252,2758,310.71,1,2025-02-06,PayPal,Pending,13.08,357.45,Africa,5
483580,146,2248,365.58,2,2025-01-31,Credit Card,Pending,16.41,437.37,North America,4
884291,725,2174,425.91,1,2025-01-20,Bank Transfer,Canceled,15.98,506.94,Europe,1
196954,923,2207,241.8,4,2025-02-10,Cash,Canceled,2.75,248.63,Europe,1
196547,707,2177,200.98,1,2025-01-01,Bank Transfer,Completed,13.93,233.5,South America,2
947017,549,2249,466.55,1,2025-01-14,Cash,Pending,15.55,552.48,North America,4
638126,182,2006,53.25,1,2025-01-08,Cash,Pending,8.32,58.09,Africa,2
468628,311,2146,337.92,5,2025-01-21,PayPal,Completed,12.21,384.92,North America,5
126218,284,2734,274.95,1,2025-01-26,Debit Card,Pending,8.38,300.08,South America,2
930962,296,2120,493.97,1,2025-01-10,Cash,Canceled,4.39,516.63,Europe,3
893506,154,2198,100.71,2,2025-01-04,Bank Transfer,Pending,3.53,104.39,North America,1
39965,760,2372,178.28,4,2025-01-27,Cash,Pending,0.87,179.84,North America,5
584200,280,2161,403.47,4,2025-01-03,Credit Card,Completed,14.43,471.5,South America,5
265848,433,2429,139.44,3,2025-02-05,Credit Card,Pending,4.56,146.1,Europe,4
336584,990,2204,218.99,2,2025-02-02,Cash,Pending,1.09,221.4,Africa,2
985984,321,2950,324.25,2,2025-01-26,PayPal,Pending,14.4,378.78,Asia,3
889456,307,2343,107.25,5,2025-02-10,PayPal,Completed,17.03,129.27,Africa,4
501452,275,2778,204.61,3,2025-02-11,Cash,Completed,11.56,231.36,South America,2
533893,188,2421,435.64,4,2025-02-09,Bank Transfer,Pending,5.58,461.4,Africa,2
380535,353,2335,245.41,2,2025-01-13,Cash,Completed,8.36,267.78,North America,1
914682,581,2751,395.87,1,2025-02-03,Bank Transfer,Pending,16.19,472.37,North America,4
502303,607,2246,87.39,1,2025-01-18,Bank Transfer,Completed,2.65,89.77,Asia,2
629133,763,2092,57.17,3,2025-01-09,Bank Transfer,Canceled,14.95,67.22,North America,4
640904,574,2790,112.38,4,2025-01-08,Debit Card,Canceled,9.29,123.88,North America,1
835820,494,2914,360.84,5,2025-02-12,Bank Transfer,Pending,13.96,419.39,South America,5
227111,689,2813,143.22,1,2025-01-15,Debit Card,Canceled,18.64,176.04,South America,3
699805,152,2113,222.33,4,2025-01-12,Debit Card,Pending,3.51,230.41,South America,1
962514,674,2726,398.11,2,2025-01-15,Cash,Completed,12.98,457.5,South America,2
335269,871,2762,392.4,3,2025-01-23,Debit Card,Canceled,13.6,454.19,Asia,1
709884,164,2381,205.35,4,2025-02-11,Credit Card,Pending,14.2,239.33,South America,3
355279,562,2635,215.67,1,2025-01-01,Bank Transfer,Completed,1.6,219.18,Europe,3
161372,178,2111,124.14,1,2025-01-02,Bank Transfer,Completed,17.5,150.47,South America,1
129942,400,2426,486.31,5,2025-01-13,Debit Card,Pending,8.88,533.69,North America,3
597205,293,2064,59.92,2,2025-01-22,Debit Card,Pending,11.57,67.76,Asia,4
955828,707,2681,363.59,5,2025-02-04,Debit Card,Canceled,2.64,373.45,Asia,2
770961,908,2266,152.05,3,2025-01-04,Credit Card,Completed,7.06,163.6,Africa,2
126923,733,2946,122.36,5,2025-02-07,PayPal,Canceled,13.86,142.04,Europe,2
614532,343,2119,68.52,3,2025-01-11,Bank Transfer,Pending,7.39,73.99,Europe,5
805873,824,2035,349.5,3,2025-01-20,Bank Transfer,Canceled,19.51,434.21,South America,3
218363,224,2942,61.22,4,2025-01-10,Debit Card,Completed,0.09,61.27,South America,5
44916,439,2662,367.45,4,2025-01-11,Cash,Canceled,2.94,378.59,South America,4
114762,446,2705,100.54,4,2025-01-22,Cash,Completed,6.16,107.14,Africa,5
497400,961,2225,250.69,1,2025-01-12,Cash,Canceled,3.9,260.87,South America,2
920796,900,2958,395.19,2,2025-01-09,Cash,Pending,13.54,457.09,North America,5
333150,503,2199,270.71,5,2025-02-02,Credit Card,Canceled,7.22,291.78,Europe,4
936981,478,2395,217.77,3,2025-01-14,Debit Card,Pending,17.49,263.92,North America,2
762622,845,2909,249.9,4,2025-01-12,PayPal,Canceled,19.41,310.08,Africa,4
942703,242,2855,314.23,1,2025-01-17,Debit Card,Pending,19.77,391.65,South America,3
962578,167,2955,482.04,4,2025-02-03,Bank Transfer,Canceled,18.29,589.93,Africa,2
845777,669,2473,369.61,2,2025-01-26,Bank Transfer,Pending,11.08,415.65,North America,3
975834,954,2599,186.76,5,2025-02-04,PayPal,Completed,15.82,221.87,Europe,3
338286,407,2978,338.25,4,2025-02-09,Debit Card,Pending,3.59,350.84,Europe,1
599526,222,2783,174.75,1,2025-02-10,Debit Card,Canceled,9.61,193.33,Africa,3
90075,743,2702,264.22,1,2025-02-11,Cash,Completed,16.91,317.98,Europe,5
25837,159,2149,193.86,2,2025-01-30,Credit Card,Pending,7.22,208.95,Asia,1
818359,396,2298,288.33,1,2025-02-03,PayPal,Completed,11.98,327.56,Europe,5
341796,430,2893,192.29,3,2025-01-01,Debit Card,Completed,10.69,215.3,Asia,2
460235,113,2140,283.18,3,2025-01-26,Debit Card,Completed,2.05,289.1,Europe,5
311378,326,2851,134.79,5,2025-02-05,Cash,Canceled,14.25,157.19,North America,4
884930,571,2938,84.38,2,2025-01-13,Debit Card,Pending,13.82,97.91,Europe,4
425310,711,2535,393.62,3,2025-01-03,Debit Card,Completed,14.89,462.48,North America,2
211304,231,2877,362.41,2,2025-02-05,PayPal,Completed,19.62,450.88,Africa,1
377945,179,2019,398.61,4,2025-01-29,Credit Card,Completed,15.86,473.75,South America,5
191785,160,2480,103.51,3,2025-01-22,Debit Card,Canceled,0.21,103.72,North America,1
244930,716,2210,314.42,2,2025-02-01,Debit Card,Completed,1.82,320.23,Asia,5
407856,456,2360,122.25,5,2025-01-23,PayPal,Canceled,11.4,137.99,North America,5
371326,881,2014,287.98,2,2025-01-07,Cash,Completed,19.47,357.61,North America,2
620802,616,2871,368.49,3,2025-01-08,PayPal,Pending,13.47,425.85,North America,2
150757,954,2363,491.59,4,2025-01-05,PayPal,Pending,2.26,502.94,Asia,1
564541,577,2112,283.88,4,2025-01-28,Debit Card,Canceled,14.44,331.8,North America,3
979453,605,2118,223.15,4,2025-01-23,Debit Card,Canceled,19.52,277.29,Africa,2
17997,667,2417,180.77,4,2025-01-28,Credit Card,Pending,18.78,222.57,Asia,2
176775,113,2690,271.24,1,2025-02-12,Cash,Canceled,13.53,313.68,North America,2
472486,504,2410,362.77,1,2025-02-07,PayPal,Completed,7.27,391.23,Europe,3
109427,305,2609,429.81,4,2025-01-18,Bank Transfer,Canceled,9.98,477.47,South America,5
940359,379,2774,405.27,4,2025-01-28,Cash,Pending,19.75,505.01,South America,3
67541,250,2786,254.59,1,2025-01-13,Bank Transfer,Completed,12.57,291.18,Europe,1
839176,201,2755,73.78,1,2025-01-04,Credit Card,Completed,7.65,79.89,Asia,2
501499,410,2636,330.45,1,2025-01-30,Cash,Pending,15.85,392.71,Europe,3
99386,777,2509,270.61,3,2025-01-07,Cash,Canceled,0.35,271.57,North America,4
843560,221,2392,252.55,4,2025-02-06,Credit Card,Completed,3.54,261.81,Asia,2
614748,603,2441,110.52,4,2025-01-12,Credit Card,Canceled,13.5,127.77,South America,5
862557,685,2481,264.16,2,2025-01-13,Bank Transfer,Pending,9.89,293.17,Africa,5
586536,792,2361,394.91,3,2025-02-04,Credit Card,Canceled,0.9,398.51,Asia,3
957773,928,2759,312.79,3,2025-01-04,Bank Transfer,Pending,19.84,390.2,Africa,3
61152,157,2677,159.9,2,2025-01-22,Cash,Completed,18.21,195.5,North America,3
49273,217,2345,126.4,5,2025-01-24,Bank Transfer,Canceled,17.27,152.78,South America,5
79782,531,2273,59.18,4,2025-01-08,Debit Card,Pending,11.41,66.8,Asia,5
894630,200,2827,269.76,2,2025-01-24,Cash,Canceled,6.79,289.41,South America,3
617818,472,2992,246.2,4,2025-01-18,Credit Card,Canceled,4.28,257.21,Asia,1
954376,404,2587,230.91,2,2025-02-08,Credit Card,Canceled,16.88,277.82,North America,5
764587,444,2279,80.27,5,2025-02-07,PayPal,Pending,15.91,95.46,Asia,5
283501,923,2307,244.81,5,2025-02-09,Bank Transfer,Pending,5.03,257.76,South America,4
120020,787,2781,296.4,1,2025-02-04,Cash,Completed,11.54,335.05,Europe,4
570497,374,2959,337.07,5,2025-02-07,Cash,Canceled,12.54,385.38,South America,2
619892,473,2473,116.48,2,2025-01-05,Debit Card,Pending,8.21,126.89,North America,2
329998,966,2422,170.12,3,2025-01-20,Debit Card,Canceled,12.02,193.37,Africa,2
107914,216,2153,136.36,2,2025-01-12,Bank Transfer,Canceled,19.83,170.08,Africa,1
74980,306,2163,172.72,1,2025-01-25,Debit Card,Canceled,11.01,194.1,North America,4
718329,901,2020,74.9,1,2025-01-23,Debit Card,Completed,18.01,91.35,Africa,3
804045,787,2673,448.57,4,2025-01-31,PayPal,Completed,2.24,458.84,South America,1
525781,634,2680,423.04,5,2025-01-19,Credit Card,Completed,12.0,480.71,Asia,3
250850,952,2598,381.76,2,2025-01-24,PayPal,Completed,3.5,395.62,Asia,4
31028,518,2260,438.3,1,2025-01-20,Debit Card,Canceled,18.97,540.94,Asia,5
898201,533,2486,357.23,3,2025-01-23,Bank Transfer,Canceled,7.35,385.59,Asia,1
52254,760,2990,457.35,1,2025-01-25,Credit Card,Canceled,18.35,560.13,Europe,3
996694,665,2393,189.17,3,2025-02-04,Cash,Completed,17.15,228.34,Africa,1
718220,502,2949,490.1,3,2025-01-31,PayPal,Pending,4.21,511.63,Europe,4
576616,746,2324,445.76,4,2025-01-13,Credit Card,Pending,9.42,492.13,Africa,3
782193,834,2432,444.54,1,2025-01-02,Debit Card,Canceled,1.33,450.52,Africa,5
47360,846,2832,296.48,3,2025-01-04,Credit Card,Completed,12.83,340.11,Europe,4
341832,910,2656,111.24,4,2025-02-06,Debit Card,Pending,11.52,125.72,North America,2
381442,355,2528,371.1,2,2025-01-30,Bank Transfer,Pending,9.03,407.94,Europe,3
766126,277,2703,316.86,3,2025-01-13,Credit Card,Pending,7.35,342.0,Africa,4
229240,954,2905,306.68,1,2025-01-19,Cash,Canceled,12.24,349.45,Europe,1
540514,573,2203,167.8,2,2025-01-23,Cash,Pending,12.01,190.7,Europe,1
216724,476,2174,476.26,1,2025-01-28,Cash,Pending,15.47,563.4,Africa,4
337035,221,2229,371.1,2,2025-02-03,Bank Transfer,Pending,2.6,381.02,Europe,5
564193,320,2843,177.34,2,2025-01-26,Bank Transfer,Completed,0.58,178.37,Asia,2
496895,732,2461,458.3,3,2025-01-31,Bank Transfer,Completed,0.21,459.25,Europe,3
737372,809,2407,359.08,4,2025-02-12,Cash,Pending,1.46,364.4,South America,1
51832,153,2340,468.98,4,2025-01-25,Cash,Canceled,14.96,551.51,North America,1
969476,359,2516,328.85,3,2025-01-07,Debit Card,Completed,19.36,407.81,South America,1
974678,694,2183,167.13,5,2025-02-10,Debit Card,Pending,2.64,171.66,Asia,5
938697,543,2145,167.18,3,2025-01-21,Bank Transfer,Pending,14.96,196.58,Africa,3
649555,997,2269,325.82,3,2025-01-10,Bank Transfer,Completed,6.31,347.77,Africa,2
152674,669,2873,465.28,4,2025-01-03,PayPal,Completed,4.6,487.7,North America,4
28500,366,2167,367.68,4,2025-01-21,Bank Transfer,Completed,8.83,403.29,South America,4
464568,568,2504,100.62,2,2025-02-09,Credit Card,Completed,17.36,121.76,Europe,2
246539,867,2520,420.16,5,2025-02-04,PayPal,Canceled,19.96,524.94,North America,5
577710,885,2584,131.26,1,2025-02-11,Bank Transfer,Canceled,1.89,133.78,Asia,1
16651,391,2697,491.6,1,2025-01-28,Cash,Completed,16.74,590.44,Europe,1
798441,183,2471,423.81,4,2025-02-10,Debit Card,Canceled,13.16,488.04,Asia,1
598654,771,2637,477.9,3,2025-01-23,Cash,Completed,4.23,498.99,North America,3
896940,430,2817,74.99,1,2025-01-10,Bank Transfer,Completed,7.98,81.49,Europe,2
123103,889,2886,229.51,1,2025-01-05,Bank Transfer,Pending,5.7,243.38,Europe,1
468466,405,2502,410.5,3,2025-01-23,PayPal,Pending,13.31,473.53,Asia,5
66717,304,2501,250.45,4,2025-02-06,Cash,Canceled,8.46,273.6,Africa,3
499604,728,2190,245.35,4,2025-02-09,Cash,Pending,19.47,304.65,Europe,2
789575,607,2539,333.3,5,2025-01-24,Bank Transfer,Pending,1.58,338.66,Africa,3
284328,252,2130,357.94,3,2025-01-17,Bank Transfer,Pending,11.37,403.86,South America,1
295970,146,2525,98.43,4,2025-01-04,Bank Transfer,Canceled,14.41,115.0,Asia,3
700615,360,2599,86.8,5,2025-01-31,Bank Transfer,Completed,15.72,102.99,Africa,1
220925,185,2426,444.54,3,2025-02-12,Bank Transfer,Canceled,9.0,488.5,Asia,3
635533,992,2829,134.24,2,2025-01-18,Cash,Pending,17.43,162.58,North America,4
270113,647,2018,52.63,1,2025-02-08,Bank Transfer,Pending,13.84,61.08,South America,4
268311,410,2633,415.91,5,2025-01-06,Bank Transfer,Pending,1.75,423.33,Europe,1
98106,295,2114,417.19,2,2025-01-31,Bank Transfer,Canceled,2.9,429.66,Europe,4
223197,962,2641,436.19,5,2025-01-20,Debit Card,Pending,2.96,449.51,Africa,1
62935,219,2170,456.09,4,2025-02-02,Credit Card,Pending,11.7,516.55,Europe,3
498739,683,2849,425.23,1,2025-01-14,Credit Card,Canceled,16.95,512.03,Africa,4
292829,968,2507,381.69,5,2025-01-24,Debit Card,Completed,9.75,422.92,Africa,5
318774,705,2742,325.17,4,2025-02-07,Credit Card,Canceled,0.38,326.41,South America,3
689755,666,2065,170.53,4,2025-01-21,Bank Transfer,Canceled,18.78,209.96,Asia,4
56311,814,2446,59.36,3,2025-01-12,Bank Transfer,Pending,8.76,65.06,South America,2
264393,701,2930,358.24,5,2025-02-11,Bank Transfer,Completed,17.66,435.09,Africa,4
492075,953,2963,352.9,3,2025-01-22,PayPal,Canceled,4.14,368.16,North America,4
177968,232,2177,139.77,5,2025-01-10,Bank Transfer,Pending,6.07,148.81,Europe,5
969533,148,2018,211.45,3,2025-01-21,PayPal,Completed,16.56,253.41,South America,1
209051,926,2065,201.98,1,2025-02-06,Credit Card,Canceled,4.48,211.46,Asia,3
912031,903,2363,396.22,5,2025-01-20,PayPal,Canceled,17.47,480.11,South America,1
3758,823,2051,466.98,4,2025-02-06,Credit Card,Completed,15.63,553.51,South America,1
650812,943,2575,68.89,1,2025-01-28,Credit Card,Completed,18.22,84.24,Europe,3
881793,825,2452,392.88,4,2025-01-28,Credit Card,Completed,12.94,451.28,Asia,2
260927,225,2868,140.85,4,2025-01-26,Bank Transfer,Pending,5.74,149.42,Europe,1
165218,372,2381,371.84,4,2025-02-04,PayPal,Completed,15.06,437.79,South America,4
951714,906,2233,112.1,4,2025-01-23,Bank Transfer,Pending,19.04,138.46,South America,3
810360,130,2453,115.51,1,2025-01-17,Cash,Completed,1.7,117.5,Asia,4
751575,890,2168,245.33,4,2025-02-12,PayPal,Canceled,1.16,248.2,South America,3
806230,529,2411,448.6,5,2025-01-14,Debit Card,Pending,0.16,449.31,Asia,5
896846,725,2942,116.09,4,2025-02-05,PayPal,Canceled,12.49,132.65,South America,4
938490,814,2353,449.45,4,2025-01-08,Debit Card,Completed,0.74,452.8,Asia,4
11944,842,2736,383.02,2,2025-02-03,Debit Card,Completed,1.86,390.26,South America,3
884836,633,2348,390.67,2,2025-01-15,Cash,Canceled,5.17,411.99,Asia,4
90736,617,2113,379.39,3,2025-01-15,Cash,Pending,2.48,389.02,North America,4
946143,405,2586,381.59,4,2025-02-11,Cash,Canceled,14.29,445.23,South America,5
636945,339,2358,184.64,5,2025-01-25,Bank Transfer,Canceled,14.75,216.59,North America,3
201245,628,2596,136.65,3,2025-01-07,PayPal,Canceled,8.51,149.37,Africa,1
639114,194,2063,241.2,2,2025-02-07,Bank Transfer,Completed,7.39,260.44,South America,4
52417,702,2572,283.53,4,2025-01-12,Bank Transfer,Canceled,8.47,309.76,Africa,4
834191,849,2996,237.62,2,2025-01-05,PayPal,Pending,14.22,277.02,Europe,5
252965,983,2541,103.13,2,2025-02-06,Credit Card,Canceled,3.14,106.47,South America,3
298939,221,2616,433.54,1,2025-01-25,Cash,Pending,0.81,437.06,Europe,1
814997,480,2312,495.96,3,2025-01-07,Credit Card,Completed,2.84,510.47,South America,4
668230,149,2959,452.41,3,2025-01-24,Bank Transfer,Completed,2.45,463.76,Asia,1
433090,991,2045,237.91,5,2025-02-11,Bank Transfer,Pending,15.63,281.97,Africa,5
816106,235,2780,112.34,4,2025-01-06,Bank Transfer,Completed,17.33,135.88,Asia,1
103707,919,2639,349.03,4,2025-01-26,Bank Transfer,Pending,10.82,391.38,Africa,3
51050,761,2090,439.68,1,2025-02-06,Debit Card,Canceled,12.9,504.82,South America,1
10476,297,2978,328.42,5,2025-01-30,Cash,Completed,15.01,386.43,South America,1
476423,223,2674,471.28,2,2025-01-13,PayPal,Completed,16.59,565.04,South America,4
865645,186,2826,290.09,3,2025-01-22,Credit Card,Pending,17.24,350.52,North America,3
964649,547,2184,236.72,5,2025-02-05,Debit Card,Completed,2.29,242.28,North America,5
982647,272,2292,114.82,3,2025-02-05,Debit Card,Pending,13.57,132.85,North America,5
884828,433,2185,62.23,1,2025-01-24,Credit Card,Pending,2.85,64.06,Asia,3
739495,484,2964,422.48,1,2025-01-17,PayPal,Canceled,11.72,478.57,Africa,5
102175,870,2516,223.27,1,2025-01-04,Debit Card,Pending,11.06,251.04,North America,4
183885,129,2417,335.09,1,2025-01-26,Cash,Canceled,2.03,342.03,South America,2
518739,411,2581,233.04,1,2025-01-08,PayPal,Completed,7.47,251.84,Europe,2
22173,650,2975,240.69,5,2025-01-12,Credit Card,Pending,19.22,297.97,South America,3
876798,768,2995,125.32,1,2025-01-21,Cash,Pending,16.79,150.61,Africa,3
427546,962,2647,145.74,5,2025-01-28,PayPal,Canceled,10.68,163.17,North America,3
35336,191,2404,364.29,2,2025-01-18,Debit Card,Pending,4.22,380.33,South America,3
311214,798,2968,204.19,3,2025-01-06,Debit Card,Completed,13.25,235.37,Asia,3
295466,315,2470,481.55,3,2025-01-07,PayPal,Canceled,18.45,590.46,South America,4
229101,104,2923,54.31,2,2025-01-26,Bank Transfer,Pending,10.76,60.86,North America,5
395695,131,2913,424.44,4,2025-01-17,Debit Card,Pending,16.55,508.61,Asia,4
129806,281,2859,395.58,1,2025-01-17,Debit Card,Completed,8.89,434.19,Europe,1
388066,876,2287,356.25,3,2025-02-12,Cash,Canceled,6.06,379.25,Europe,2
668212,605,2990,213.35,3,2025-02-12,Cash,Completed,0.14,213.65,Africa,1
911974,990,2284,306.1,4,2025-01-22,PayPal,Canceled,14.78,359.17,South America,5
632073,279,2066,314.67,1,2025-01-05,Cash,Completed,17.62,381.97,Asia,2
899727,968,2694,60.4,5,2025-01-09,Cash,Pending,0.04,60.42,Africa,1
291652,974,2961,195.35,4,2025-02-02,Cash,Pending,9.91,216.84,South America,1
287780,838,2229,71.13,4,2025-01-18,Debit Card,Completed,7.84,77.18,Asia,1
717953,685,2827,61.42,2,2025-01-16,Credit Card,Completed,3.94,63.94,Asia,3
172955,164,2641,331.38,1,2025-02-12,Credit Card,Canceled,15.94,394.24,Asia,3
443813,353,2110,263.11,3,2025-01-10,Debit Card,Canceled,15.88,312.79,North America,5
632504,734,2449,393.84,4,2025-01-15,Credit Card,Completed,18.33,482.26,Africa,3
80044,968,2710,79.26,2,2025-02-02,Bank Transfer,Completed,6.03,84.35,Africa,1
797869,204,2693,75.11,1,2025-02-08,Bank Transfer,Pending,1.92,76.58,Africa,2
527307,985,2613,404.36,5,2025-01-08,Bank Transfer,Pending,15.9,480.83,South America,5
271269,203,2347,342.91,1,2025-01-05,Debit Card,Canceled,3.85,356.64,North America,1
548302,709,2730,80.4,2,2025-01-02,Cash,Pending,7.11,86.55,Africa,5
545326,555,2190,159.42,1,2025-01-02,Debit Card,Canceled,8.72,174.64,Asia,3
864906,697,2906,293.51,2,2025-01-04,Debit Card,Canceled,6.86,315.12,Asia,1
241902,630,2600,345.95,2,2025-01-16,Cash,Canceled,17.17,417.68,Africa,3
305077,300,2999,140.17,2,2025-02-11,PayPal,Canceled,9.51,154.91,Africa,5
319357,809,2339,433.4,5,2025-01-05,Debit Card,Pending,6.57,463.89,North America,4
269262,997,2808,459.74,4,2025-01-17,Credit Card,Canceled,4.46,481.2,Europe,4
16061,738,2218,157.56,3,2025-01-06,PayPal,Pending,3.68,163.59,North America,3
802743,110,2075,211.05,5,2025-01-18,Debit Card,Pending,3.89,219.59,South America,3
873053,144,2998,63.36,2,2025-01-15,PayPal,Pending,14.38,74.0,Asia,5
989184,351,2182,138.19,2,2025-01-25,Credit Card,Completed,16.63,165.75,Europe,4
988624,770,2806,448.26,3,2025-01-19,Bank Transfer,Completed,7.39,484.04,Asia,2
250415,639,3000,409.56,5,2025-02-05,Credit Card,Completed,2.89,421.74,Europe,2
935968,296,2545,220.19,3,2025-01-14,Bank Transfer,Canceled,4.89,231.51,North America,5
678414,701,2193,434.5,3,2025-01-21,PayPal,Completed,12.59,497.08,Asia,2
408103,971,2520,485.77,4,2025-01-21,Credit Card,Pending,15.82,577.06,South America,1
195071,271,2520,224.65,5,2025-01-31,Cash,Pending,3.58,232.99,Asia,5
133197,811,2494,372.04,4,2025-01-15,Cash,Pending,12.76,426.47,South America,1
338171,312,2224,452.7,4,2025-02-09,PayPal,Pending,8.5,494.76,Africa,5
464256,260,2957,429.09,3,2025-01-25,PayPal,Completed,5.9,456.0,South America,3
996210,335,2597,68.51,5,2025-01-01,Bank Transfer,Pending,9.35,75.58,Africa,3
864212,923,2509,192.66,4,2025-01-05,Bank Transfer,Completed,5.31,203.47,North America,3
572630,184,2301,429.17,5,2025-01-24,Credit Card,Pending,18.53,526.8,North America,1
750126,173,2368,67.23,2,2025-01-22,Debit Card,Pending,6.05,71.56,Asia,2
689354,822,2618,499.1,5,2025-01-19,Debit Card,Pending,16.45,597.34,Africa,4
681670,941,2593,391.01,1,2025-01-19,Cash,Completed,17.31,472.86,Europe,2
254244,840,2767,144.44,2,2025-02-11,Cash,Pending,14.45,168.84,Africa,3
14242,910,2087,190.88,2,2025-01-22,Bank Transfer,Completed,8.77,209.24,South America,1
571302,483,2142,309.88,2,2025-01-21,Credit Card,Pending,16.21,369.82,Asia,3
914134,330,2429,241.57,4,2025-02-01,Debit Card,Pending,11.74,273.7,South America,1
86245,242,2157,489.76,3,2025-01-31,Cash,Canceled,11.48,553.26,Africa,4
424427,309,2971,225.79,5,2025-01-14,Bank Transfer,Completed,6.58,241.69,Africa,3
623940,195,2175,96.94,5,2025-01-19,Cash,Pending,0.54,97.46,Europe,1
208622,495,2290,142.65,3,2025-01-05,Credit Card,Pending,1.15,144.31,South America,1
101722,275,2334,436.87,4,2025-01-20,Credit Card,Completed,10.73,489.38,Africa,1
984485,498,2978,456.61,2,2025-01-23,PayPal,Pending,8.64,499.81,Africa,2
840068,718,2588,472.62,5,2025-02-01,Bank Transfer,Pending,4.03,492.49,Europe,4
955478,165,2844,229.66,2,2025-02-08,Cash,Pending,9.2,252.94,South America,1
767012,854,2093,179.56,4,2025-01-20,Debit Card,Pending,12.26,204.65,Europe,4
667565,355,2183,454.98,4,2025-01-31,PayPal,Canceled,11.37,513.36,Africa,1
314825,345,2906,441.74,3,2025-02-03,Debit Card,Canceled,18.33,540.86,Europe,4
788814,521,2780,298.77,3,2025-01-06,Credit Card,Canceled,15.33,352.87,Asia,4
733660,561,2168,163.74,5,2025-01-15,Credit Card,Completed,12.78,187.73,Africa,4
511561,451,2763,229.7,2,2025-01-18,Credit Card,Pending,2.29,235.09,Europe,3
35715,786,2766,258.91,4,2025-01-24,Cash,Canceled,4.85,272.1,Africa,2
178841,582,2840,175.61,2,2025-01-31,Credit Card,Canceled,2.01,179.21,Asia,1
610445,647,2759,225.88,1,2025-01-21,Credit Card,Canceled,5.47,238.94,Africa,3
181420,282,2221,371.49,5,2025-01-13,Credit Card,Canceled,16.23,443.47,North America,4
43825,806,2315,249.79,5,2025-01-18,Bank Transfer,Completed,18.58,306.78,Asia,2
707346,304,2093,57.22,1,2025-02-12,PayPal,Canceled,13.38,66.06,Europe,1
131663,916,2855,423.7,2,2025-01-06,Credit Card,Pending,10.25,472.09,Asia,3
290574,675,2641,135.3,2,2025-02-02,Bank Transfer,Completed,4.65,141.9,North America,3
210083,431,2177,56.75,3,2025-01-04,PayPal,Pending,4.4,59.36,Asia,5
825099,477,2044,80.3,2,2025-02-04,Cash,Pending,19.66,99.95,North America,5
149704,910,2944,432.71,2,2025-02-10,Cash,Pending,19.63,538.39,Africa,2
729597,440,2179,335.91,3,2025-01-12,Credit Card,Pending,0.35,337.1,South America,4
340027,491,2523,338.27,2,2025-01-09,Credit Card,Completed,0.42,339.71,North America,3
892323,342,2755,242.82,2,2025-02-03,Credit Card,Completed,7.49,262.48,Asia,2
151953,255,2384,141.97,1,2025-02-09,Cash,Pending,14.79,166.6,Asia,2
601071,384,2325,339.62,1,2025-01-24,Bank Transfer,Canceled,16.25,405.54,North America,2
358337,967,2750,199.07,2,2025-02-11,Credit Card,Canceled,19.77,248.12,Europe,5
962439,993,2390,284.66,2,2025-01-22,Credit Card,Completed,17.4,344.61,North America,2
95368,153,2649,496.41,2,2025-01-12,PayPal,Canceled,10.98,557.62,Europe,2
252745,619,2080,241.81,4,2025-01-16,PayPal,Completed,8.48,264.22,South America,2
370756,410,2292,309.39,2,2025-01-17,Bank Transfer,Completed,19.02,382.06,Asia,4
598992,486,2171,261.82,4,2025-02-09,Bank Transfer,Completed,16.39,313.15,Africa,1
13268,880,2390,242.33,1,2025-01-17,Cash,Completed,11.06,272.46,Europe,3
985994,489,2474,187.63,3,2025-01-20,Cash,Pending,1.44,190.37,Europe,4
403628,300,2158,462.26,1,2025-02-06,Cash,Canceled,14.51,540.7,Africa,4
443771,525,2962,227.59,3,2025-01-15,Debit Card,Canceled,19.75,283.6,North America,4
383763,139,2943,106.01,5,2025-02-07,Bank Transfer,Pending,15.43,125.34,Asia,5
32906,826,2500,335.74,3,2025-01-17,Bank Transfer,Pending,14.71,393.66,Europe,4
553552,135,2943,415.91,1,2025-01-27,PayPal,Pending,12.11,473.21,Europe,3
603668,353,2616,310.25,2,2025-01-28,Credit Card,Canceled,14.23,361.73,Africa,4
645210,823,2600,488.37,1,2025-01-07,PayPal,Pending,3.32,505.12,Africa,3
948641,808,2309,275.29,5,2025-02-02,Bank Transfer,Canceled,6.16,293.36,Africa,1
477580,211,2651,307.68,3,2025-02-02,PayPal,Canceled,7.96,334.29,Asia,1
310476,272,2835,271.28,1,2025-02-04,Bank Transfer,Canceled,8.34,295.95,Asia,4
448386,274,2180,218.59,2,2025-01-17,PayPal,Canceled,18.97,269.76,Africa,5
184318,933,2217,133.54,1,2025-01-14,PayPal,Pending,19.66,166.22,Africa,4
691730,741,2934,330.99,2,2025-01-04,Credit Card,Pending,2.49,339.45,North America,3
744457,130,2599,155.65,4,2025-01-07,Credit Card,Completed,1.22,157.57,North America,5
553267,908,2042,93.58,5,2025-02-09,Cash,Canceled,19.74,116.59,Asia,4
151996,584,2775,201.66,4,2025-01-13,Debit Card,Pending,16.34,241.04,Asia,4
409205,487,2625,75.76,3,2025-01-02,Credit Card,Completed,9.14,83.38,Africa,2
893583,126,2616,105.3,5,2025-01-14,PayPal,Pending,9.04,115.76,Africa,5
347482,523,2676,134.57,3,2025-02-04,Debit Card,Completed,19.39,166.94,Asia,4
455295,339,2621,268.04,5,2025-01-23,Bank Transfer,Pending,19.74,333.95,North America,4
933635,400,2621,137.78,2,2025-02-04,Cash,Canceled,10.09,153.25,Europe,4
574369,915,2089,185.61,5,2025-01-08,Bank Transfer,Completed,9.64,205.42,South America,2
340154,349,2216,126.69,1,2025-02-08,Credit Card,Completed,18.58,155.6,Asia,4
42048,884,2287,149.17,3,2025-01-31,Credit Card,Canceled,2.72,153.33,South America,4
561556,192,2814,361.3,2,2025-02-08,Cash,Completed,12.88,414.71,Africa,4
301593,769,2657,403.29,4,2025-01-27,Debit Card,Completed,5.82,428.21,North America,1
241265,448,2758,316.49,2,2025-01-26,Cash,Pending,2.55,324.77,Asia,4
282403,690,2754,50.76,1,2025-01-10,PayPal,Pending,19.6,63.13,Asia,3
219709,916,2695,470.27,2,2025-01-18,Cash,Canceled,4.44,492.13,Africa,1
